%
(Front-Grinder G-Code)
G54
T1 M6   (Werkzeugwechsel)
G0 Z5.0
G90 G94
(Y offset for cutting angle 3.0°: 2.617)
G0 Y-2.617
(Pass 1 at X 0.0)
G0 X0.0 Z5.0
M3 S3000   (Spindel ein)
G4 P1.0
(Schneide 1 | A=0.000)
G0 A0.000
G1 Z-5.0 F200.0
G1 X-5.0 F200.0
G0 Z5.0
G0 X0.0
(Schneide 2 | A=90.000)
G0 A90.000
G1 Z-5.0 F200.0
G1 X-5.0 F200.0
G0 Z5.0
G0 X0.0
(Schneide 3 | A=180.000)
G0 A180.000
G1 Z-5.0 F200.0
G1 X-5.0 F200.0
G0 Z5.0
G0 X0.0
(Schneide 4 | A=270.000)
G0 A270.000
G1 Z-5.0 F200.0
G1 X-5.0 F200.0
G0 Z5.0
G0 X0.0
(Pass 2 at X 0.01)
G0 X0.01 Z5.0
(Schneide 1 | A=0.000)
G0 A0.000
G1 Z-5.0 F200.0
G1 X-4.99 F200.0
G0 Z5.0
G0 X0.01
(Schneide 2 | A=90.000)
G0 A90.000
G1 Z-5.0 F200.0
G1 X-4.99 F200.0
G0 Z5.0
G0 X0.01
(Schneide 3 | A=180.000)
G0 A180.000
G1 Z-5.0 F200.0
G1 X-4.99 F200.0
G0 Z5.0
G0 X0.01
(Schneide 4 | A=270.000)
G0 A270.000
G1 Z-5.0 F200.0
G1 X-4.99 F200.0
G0 Z5.0
G0 X0.01
(Pass 3 at X 0.02)
G0 X0.02 Z5.0
(Schneide 1 | A=0.000)
G0 A0.000
G1 Z-5.0 F200.0
G1 X-4.98 F200.0
G0 Z5.0
G0 X0.02
(Schneide 2 | A=90.000)
G0 A90.000
G1 Z-5.0 F200.0
G1 X-4.98 F200.0
G0 Z5.0
G0 X0.02
(Schneide 3 | A=180.000)
G0 A180.000
G1 Z-5.0 F200.0
G1 X-4.98 F200.0
G0 Z5.0
G0 X0.02
(Schneide 4 | A=270.000)
G0 A270.000
G1 Z-5.0 F200.0
G1 X-4.98 F200.0
G0 Z5.0
G0 X0.02
(Pass 4 at X 0.03)
G0 X0.03 Z5.0
(Schneide 1 | A=0.000)
G0 A0.000
G1 Z-5.0 F200.0
G1 X-4.97 F200.0
G0 Z5.0
G0 X0.03
(Schneide 2 | A=90.000)
G0 A90.000
G1 Z-5.0 F200.0
G1 X-4.97 F200.0
G0 Z5.0
G0 X0.03
(Schneide 3 | A=180.000)
G0 A180.000
G1 Z-5.0 F200.0
G1 X-4.97 F200.0
G0 Z5.0
G0 X0.03
(Schneide 4 | A=270.000)
G0 A270.000
G1 Z-5.0 F200.0
G1 X-4.97 F200.0
G0 Z5.0
G0 X0.03
(Pass 5 at X 0.04)
G0 X0.04 Z5.0
(Schneide 1 | A=0.000)
G0 A0.000
G1 Z-5.0 F200.0
G1 X-4.96 F200.0
G0 Z5.0
G0 X0.04
(Schneide 2 | A=90.000)
G0 A90.000
G1 Z-5.0 F200.0
G1 X-4.96 F200.0
G0 Z5.0
G0 X0.04
(Schneide 3 | A=180.000)
G0 A180.000
G1 Z-5.0 F200.0
G1 X-4.96 F200.0
G0 Z5.0
G0 X0.04
(Schneide 4 | A=270.000)
G0 A270.000
G1 Z-5.0 F200.0
G1 X-4.96 F200.0
G0 Z5.0
G0 X0.04
(Pass 6 at X 0.05)
G0 X0.05 Z5.0
(Schneide 1 | A=0.000)
G0 A0.000
G1 Z-5.0 F200.0
G1 X-4.95 F200.0
G0 Z5.0
G0 X0.05
(Schneide 2 | A=90.000)
G0 A90.000
G1 Z-5.0 F200.0
G1 X-4.95 F200.0
G0 Z5.0
G0 X0.05
(Schneide 3 | A=180.000)
G0 A180.000
G1 Z-5.0 F200.0
G1 X-4.95 F200.0
G0 Z5.0
G0 X0.05
(Schneide 4 | A=270.000)
G0 A270.000
G1 Z-5.0 F200.0
G1 X-4.95 F200.0
G0 Z5.0
G0 X0.05
(Pass 7 at X 0.06)
G0 X0.06 Z5.0
(Schneide 1 | A=0.000)
G0 A0.000
G1 Z-5.0 F200.0
G1 X-4.94 F200.0
G0 Z5.0
G0 X0.06
(Schneide 2 | A=90.000)
G0 A90.000
G1 Z-5.0 F200.0
G1 X-4.94 F200.0
G0 Z5.0
G0 X0.06
(Schneide 3 | A=180.000)
G0 A180.000
G1 Z-5.0 F200.0
G1 X-4.94 F200.0
G0 Z5.0
G0 X0.06
(Schneide 4 | A=270.000)
G0 A270.000
G1 Z-5.0 F200.0
G1 X-4.94 F200.0
G0 Z5.0
G0 X0.06
(Pass 8 at X 0.07)
G0 X0.07 Z5.0
(Schneide 1 | A=0.000)
G0 A0.000
G1 Z-5.0 F200.0
G1 X-4.93 F200.0
G0 Z5.0
G0 X0.07
(Schneide 2 | A=90.000)
G0 A90.000
G1 Z-5.0 F200.0
G1 X-4.93 F200.0
G0 Z5.0
G0 X0.07
(Schneide 3 | A=180.000)
G0 A180.000
G1 Z-5.0 F200.0
G1 X-4.93 F200.0
G0 Z5.0
G0 X0.07
(Schneide 4 | A=270.000)
G0 A270.000
G1 Z-5.0 F200.0
G1 X-4.93 F200.0
G0 Z5.0
G0 X0.07
(Pass 9 at X 0.08)
G0 X0.08 Z5.0
(Schneide 1 | A=0.000)
G0 A0.000
G1 Z-5.0 F200.0
G1 X-4.92 F200.0
G0 Z5.0
G0 X0.08
(Schneide 2 | A=90.000)
G0 A90.000
G1 Z-5.0 F200.0
G1 X-4.92 F200.0
G0 Z5.0
G0 X0.08
(Schneide 3 | A=180.000)
G0 A180.000
G1 Z-5.0 F200.0
G1 X-4.92 F200.0
G0 Z5.0
G0 X0.08
(Schneide 4 | A=270.000)
G0 A270.000
G1 Z-5.0 F200.0
G1 X-4.92 F200.0
G0 Z5.0
G0 X0.08
(Pass 10 at X 0.09)
G0 X0.09 Z5.0
(Schneide 1 | A=0.000)
G0 A0.000
G1 Z-5.0 F200.0
G1 X-4.91 F200.0
G0 Z5.0
G0 X0.09
(Schneide 2 | A=90.000)
G0 A90.000
G1 Z-5.0 F200.0
G1 X-4.91 F200.0
G0 Z5.0
G0 X0.09
(Schneide 3 | A=180.000)
G0 A180.000
G1 Z-5.0 F200.0
G1 X-4.91 F200.0
G0 Z5.0
G0 X0.09
(Schneide 4 | A=270.000)
G0 A270.000
G1 Z-5.0 F200.0
G1 X-4.91 F200.0
G0 Z5.0
G0 X0.09
(Pass 11 at X 0.1)
G0 X0.1 Z5.0
(Schneide 1 | A=0.000)
G0 A0.000
G1 Z-5.0 F200.0
G1 X-4.9 F200.0
G0 Z5.0
G0 X0.1
(Schneide 2 | A=90.000)
G0 A90.000
G1 Z-5.0 F200.0
G1 X-4.9 F200.0
G0 Z5.0
G0 X0.1
(Schneide 3 | A=180.000)
G0 A180.000
G1 Z-5.0 F200.0
G1 X-4.9 F200.0
G0 Z5.0
G0 X0.1
(Schneide 4 | A=270.000)
G0 A270.000
G1 Z-5.0 F200.0
G1 X-4.9 F200.0
G0 Z5.0
G0 X0.1
(Pass 12 at X 0.11)
G0 X0.11 Z5.0
(Schneide 1 | A=0.000)
G0 A0.000
G1 Z-5.0 F200.0
G1 X-4.89 F200.0
G0 Z5.0
G0 X0.11
(Schneide 2 | A=90.000)
G0 A90.000
G1 Z-5.0 F200.0
G1 X-4.89 F200.0
G0 Z5.0
G0 X0.11
(Schneide 3 | A=180.000)
G0 A180.000
G1 Z-5.0 F200.0
G1 X-4.89 F200.0
G0 Z5.0
G0 X0.11
(Schneide 4 | A=270.000)
G0 A270.000
G1 Z-5.0 F200.0
G1 X-4.89 F200.0
G0 Z5.0
G0 X0.11
(Pass 13 at X 0.12)
G0 X0.12 Z5.0
(Schneide 1 | A=0.000)
G0 A0.000
G1 Z-5.0 F200.0
G1 X-4.88 F200.0
G0 Z5.0
G0 X0.12
(Schneide 2 | A=90.000)
G0 A90.000
G1 Z-5.0 F200.0
G1 X-4.88 F200.0
G0 Z5.0
G0 X0.12
(Schneide 3 | A=180.000)
G0 A180.000
G1 Z-5.0 F200.0
G1 X-4.88 F200.0
G0 Z5.0
G0 X0.12
(Schneide 4 | A=270.000)
G0 A270.000
G1 Z-5.0 F200.0
G1 X-4.88 F200.0
G0 Z5.0
G0 X0.12
(Pass 14 at X 0.13)
G0 X0.13 Z5.0
(Schneide 1 | A=0.000)
G0 A0.000
G1 Z-5.0 F200.0
G1 X-4.87 F200.0
G0 Z5.0
G0 X0.13
(Schneide 2 | A=90.000)
G0 A90.000
G1 Z-5.0 F200.0
G1 X-4.87 F200.0
G0 Z5.0
G0 X0.13
(Schneide 3 | A=180.000)
G0 A180.000
G1 Z-5.0 F200.0
G1 X-4.87 F200.0
G0 Z5.0
G0 X0.13
(Schneide 4 | A=270.000)
G0 A270.000
G1 Z-5.0 F200.0
G1 X-4.87 F200.0
G0 Z5.0
G0 X0.13
(Pass 15 at X 0.14)
G0 X0.14 Z5.0
(Schneide 1 | A=0.000)
G0 A0.000
G1 Z-5.0 F200.0
G1 X-4.86 F200.0
G0 Z5.0
G0 X0.14
(Schneide 2 | A=90.000)
G0 A90.000
G1 Z-5.0 F200.0
G1 X-4.86 F200.0
G0 Z5.0
G0 X0.14
(Schneide 3 | A=180.000)
G0 A180.000
G1 Z-5.0 F200.0
G1 X-4.86 F200.0
G0 Z5.0
G0 X0.14
(Schneide 4 | A=270.000)
G0 A270.000
G1 Z-5.0 F200.0
G1 X-4.86 F200.0
G0 Z5.0
G0 X0.14
(Pass 16 at X 0.15)
G0 X0.15 Z5.0
(Schneide 1 | A=0.000)
G0 A0.000
G1 Z-5.0 F200.0
G1 X-4.85 F200.0
G0 Z5.0
G0 X0.15
(Schneide 2 | A=90.000)
G0 A90.000
G1 Z-5.0 F200.0
G1 X-4.85 F200.0
G0 Z5.0
G0 X0.15
(Schneide 3 | A=180.000)
G0 A180.000
G1 Z-5.0 F200.0
G1 X-4.85 F200.0
G0 Z5.0
G0 X0.15
(Schneide 4 | A=270.000)
G0 A270.000
G1 Z-5.0 F200.0
G1 X-4.85 F200.0
G0 Z5.0
G0 X0.15
(Pass 17 at X 0.16)
G0 X0.16 Z5.0
(Schneide 1 | A=0.000)
G0 A0.000
G1 Z-5.0 F200.0
G1 X-4.84 F200.0
G0 Z5.0
G0 X0.16
(Schneide 2 | A=90.000)
G0 A90.000
G1 Z-5.0 F200.0
G1 X-4.84 F200.0
G0 Z5.0
G0 X0.16
(Schneide 3 | A=180.000)
G0 A180.000
G1 Z-5.0 F200.0
G1 X-4.84 F200.0
G0 Z5.0
G0 X0.16
(Schneide 4 | A=270.000)
G0 A270.000
G1 Z-5.0 F200.0
G1 X-4.84 F200.0
G0 Z5.0
G0 X0.16
(Pass 18 at X 0.17)
G0 X0.17 Z5.0
(Schneide 1 | A=0.000)
G0 A0.000
G1 Z-5.0 F200.0
G1 X-4.83 F200.0
G0 Z5.0
G0 X0.17
(Schneide 2 | A=90.000)
G0 A90.000
G1 Z-5.0 F200.0
G1 X-4.83 F200.0
G0 Z5.0
G0 X0.17
(Schneide 3 | A=180.000)
G0 A180.000
G1 Z-5.0 F200.0
G1 X-4.83 F200.0
G0 Z5.0
G0 X0.17
(Schneide 4 | A=270.000)
G0 A270.000
G1 Z-5.0 F200.0
G1 X-4.83 F200.0
G0 Z5.0
G0 X0.17
(Pass 19 at X 0.18)
G0 X0.18 Z5.0
(Schneide 1 | A=0.000)
G0 A0.000
G1 Z-5.0 F200.0
G1 X-4.82 F200.0
G0 Z5.0
G0 X0.18
(Schneide 2 | A=90.000)
G0 A90.000
G1 Z-5.0 F200.0
G1 X-4.82 F200.0
G0 Z5.0
G0 X0.18
(Schneide 3 | A=180.000)
G0 A180.000
G1 Z-5.0 F200.0
G1 X-4.82 F200.0
G0 Z5.0
G0 X0.18
(Schneide 4 | A=270.000)
G0 A270.000
G1 Z-5.0 F200.0
G1 X-4.82 F200.0
G0 Z5.0
G0 X0.18
(Pass 20 at X 0.19)
G0 X0.19 Z5.0
(Schneide 1 | A=0.000)
G0 A0.000
G1 Z-5.0 F200.0
G1 X-4.81 F200.0
G0 Z5.0
G0 X0.19
(Schneide 2 | A=90.000)
G0 A90.000
G1 Z-5.0 F200.0
G1 X-4.81 F200.0
G0 Z5.0
G0 X0.19
(Schneide 3 | A=180.000)
G0 A180.000
G1 Z-5.0 F200.0
G1 X-4.81 F200.0
G0 Z5.0
G0 X0.19
(Schneide 4 | A=270.000)
G0 A270.000
G1 Z-5.0 F200.0
G1 X-4.81 F200.0
G0 Z5.0
G0 X0.19
(Pass 21 at X 0.2)
G0 X0.2 Z5.0
(Schneide 1 | A=0.000)
G0 A0.000
G1 Z-5.0 F200.0
G1 X-4.8 F200.0
G0 Z5.0
G0 X0.2
(Schneide 2 | A=90.000)
G0 A90.000
G1 Z-5.0 F200.0
G1 X-4.8 F200.0
G0 Z5.0
G0 X0.2
(Schneide 3 | A=180.000)
G0 A180.000
G1 Z-5.0 F200.0
G1 X-4.8 F200.0
G0 Z5.0
G0 X0.2
(Schneide 4 | A=270.000)
G0 A270.000
G1 Z-5.0 F200.0
G1 X-4.8 F200.0
G0 Z5.0
G0 X0.2
(Pass 22 at X 0.21)
G0 X0.21 Z5.0
(Schneide 1 | A=0.000)
G0 A0.000
G1 Z-5.0 F200.0
G1 X-4.79 F200.0
G0 Z5.0
G0 X0.21
(Schneide 2 | A=90.000)
G0 A90.000
G1 Z-5.0 F200.0
G1 X-4.79 F200.0
G0 Z5.0
G0 X0.21
(Schneide 3 | A=180.000)
G0 A180.000
G1 Z-5.0 F200.0
G1 X-4.79 F200.0
G0 Z5.0
G0 X0.21
(Schneide 4 | A=270.000)
G0 A270.000
G1 Z-5.0 F200.0
G1 X-4.79 F200.0
G0 Z5.0
G0 X0.21
(Pass 23 at X 0.22)
G0 X0.22 Z5.0
(Schneide 1 | A=0.000)
G0 A0.000
G1 Z-5.0 F200.0
G1 X-4.78 F200.0
G0 Z5.0
G0 X0.22
(Schneide 2 | A=90.000)
G0 A90.000
G1 Z-5.0 F200.0
G1 X-4.78 F200.0
G0 Z5.0
G0 X0.22
(Schneide 3 | A=180.000)
G0 A180.000
G1 Z-5.0 F200.0
G1 X-4.78 F200.0
G0 Z5.0
G0 X0.22
(Schneide 4 | A=270.000)
G0 A270.000
G1 Z-5.0 F200.0
G1 X-4.78 F200.0
G0 Z5.0
G0 X0.22
(Pass 24 at X 0.23)
G0 X0.23 Z5.0
(Schneide 1 | A=0.000)
G0 A0.000
G1 Z-5.0 F200.0
G1 X-4.77 F200.0
G0 Z5.0
G0 X0.23
(Schneide 2 | A=90.000)
G0 A90.000
G1 Z-5.0 F200.0
G1 X-4.77 F200.0
G0 Z5.0
G0 X0.23
(Schneide 3 | A=180.000)
G0 A180.000
G1 Z-5.0 F200.0
G1 X-4.77 F200.0
G0 Z5.0
G0 X0.23
(Schneide 4 | A=270.000)
G0 A270.000
G1 Z-5.0 F200.0
G1 X-4.77 F200.0
G0 Z5.0
G0 X0.23
(Pass 25 at X 0.24)
G0 X0.24 Z5.0
(Schneide 1 | A=0.000)
G0 A0.000
G1 Z-5.0 F200.0
G1 X-4.76 F200.0
G0 Z5.0
G0 X0.24
(Schneide 2 | A=90.000)
G0 A90.000
G1 Z-5.0 F200.0
G1 X-4.76 F200.0
G0 Z5.0
G0 X0.24
(Schneide 3 | A=180.000)
G0 A180.000
G1 Z-5.0 F200.0
G1 X-4.76 F200.0
G0 Z5.0
G0 X0.24
(Schneide 4 | A=270.000)
G0 A270.000
G1 Z-5.0 F200.0
G1 X-4.76 F200.0
G0 Z5.0
G0 X0.24
(Pass 26 at X 0.25)
G0 X0.25 Z5.0
(Schneide 1 | A=0.000)
G0 A0.000
G1 Z-5.0 F200.0
G1 X-4.75 F200.0
G0 Z5.0
G0 X0.25
(Schneide 2 | A=90.000)
G0 A90.000
G1 Z-5.0 F200.0
G1 X-4.75 F200.0
G0 Z5.0
G0 X0.25
(Schneide 3 | A=180.000)
G0 A180.000
G1 Z-5.0 F200.0
G1 X-4.75 F200.0
G0 Z5.0
G0 X0.25
(Schneide 4 | A=270.000)
G0 A270.000
G1 Z-5.0 F200.0
G1 X-4.75 F200.0
G0 Z5.0
G0 X0.25
(Pass 27 at X 0.26)
G0 X0.26 Z5.0
(Schneide 1 | A=0.000)
G0 A0.000
G1 Z-5.0 F200.0
G1 X-4.74 F200.0
G0 Z5.0
G0 X0.26
(Schneide 2 | A=90.000)
G0 A90.000
G1 Z-5.0 F200.0
G1 X-4.74 F200.0
G0 Z5.0
G0 X0.26
(Schneide 3 | A=180.000)
G0 A180.000
G1 Z-5.0 F200.0
G1 X-4.74 F200.0
G0 Z5.0
G0 X0.26
(Schneide 4 | A=270.000)
G0 A270.000
G1 Z-5.0 F200.0
G1 X-4.74 F200.0
G0 Z5.0
G0 X0.26
(Pass 28 at X 0.27)
G0 X0.27 Z5.0
(Schneide 1 | A=0.000)
G0 A0.000
G1 Z-5.0 F200.0
G1 X-4.73 F200.0
G0 Z5.0
G0 X0.27
(Schneide 2 | A=90.000)
G0 A90.000
G1 Z-5.0 F200.0
G1 X-4.73 F200.0
G0 Z5.0
G0 X0.27
(Schneide 3 | A=180.000)
G0 A180.000
G1 Z-5.0 F200.0
G1 X-4.73 F200.0
G0 Z5.0
G0 X0.27
(Schneide 4 | A=270.000)
G0 A270.000
G1 Z-5.0 F200.0
G1 X-4.73 F200.0
G0 Z5.0
G0 X0.27
(Pass 29 at X 0.28)
G0 X0.28 Z5.0
(Schneide 1 | A=0.000)
G0 A0.000
G1 Z-5.0 F200.0
G1 X-4.72 F200.0
G0 Z5.0
G0 X0.28
(Schneide 2 | A=90.000)
G0 A90.000
G1 Z-5.0 F200.0
G1 X-4.72 F200.0
G0 Z5.0
G0 X0.28
(Schneide 3 | A=180.000)
G0 A180.000
G1 Z-5.0 F200.0
G1 X-4.72 F200.0
G0 Z5.0
G0 X0.28
(Schneide 4 | A=270.000)
G0 A270.000
G1 Z-5.0 F200.0
G1 X-4.72 F200.0
G0 Z5.0
G0 X0.28
(Pass 30 at X 0.29)
G0 X0.29 Z5.0
(Schneide 1 | A=0.000)
G0 A0.000
G1 Z-5.0 F200.0
G1 X-4.71 F200.0
G0 Z5.0
G0 X0.29
(Schneide 2 | A=90.000)
G0 A90.000
G1 Z-5.0 F200.0
G1 X-4.71 F200.0
G0 Z5.0
G0 X0.29
(Schneide 3 | A=180.000)
G0 A180.000
G1 Z-5.0 F200.0
G1 X-4.71 F200.0
G0 Z5.0
G0 X0.29
(Schneide 4 | A=270.000)
G0 A270.000
G1 Z-5.0 F200.0
G1 X-4.71 F200.0
G0 Z5.0
G0 X0.29
(Pass 31 at X 0.3)
G0 X0.3 Z5.0
(Schneide 1 | A=0.000)
G0 A0.000
G1 Z-5.0 F200.0
G1 X-4.7 F200.0
G0 Z5.0
G0 X0.3
(Schneide 2 | A=90.000)
G0 A90.000
G1 Z-5.0 F200.0
G1 X-4.7 F200.0
G0 Z5.0
G0 X0.3
(Schneide 3 | A=180.000)
G0 A180.000
G1 Z-5.0 F200.0
G1 X-4.7 F200.0
G0 Z5.0
G0 X0.3
(Schneide 4 | A=270.000)
G0 A270.000
G1 Z-5.0 F200.0
G1 X-4.7 F200.0
G0 Z5.0
G0 X0.3
(Pass 32 at X 0.31)
G0 X0.31 Z5.0
(Schneide 1 | A=0.000)
G0 A0.000
G1 Z-5.0 F200.0
G1 X-4.69 F200.0
G0 Z5.0
G0 X0.31
(Schneide 2 | A=90.000)
G0 A90.000
G1 Z-5.0 F200.0
G1 X-4.69 F200.0
G0 Z5.0
G0 X0.31
(Schneide 3 | A=180.000)
G0 A180.000
G1 Z-5.0 F200.0
G1 X-4.69 F200.0
G0 Z5.0
G0 X0.31
(Schneide 4 | A=270.000)
G0 A270.000
G1 Z-5.0 F200.0
G1 X-4.69 F200.0
G0 Z5.0
G0 X0.31
(Pass 33 at X 0.32)
G0 X0.32 Z5.0
(Schneide 1 | A=0.000)
G0 A0.000
G1 Z-5.0 F200.0
G1 X-4.68 F200.0
G0 Z5.0
G0 X0.32
(Schneide 2 | A=90.000)
G0 A90.000
G1 Z-5.0 F200.0
G1 X-4.68 F200.0
G0 Z5.0
G0 X0.32
(Schneide 3 | A=180.000)
G0 A180.000
G1 Z-5.0 F200.0
G1 X-4.68 F200.0
G0 Z5.0
G0 X0.32
(Schneide 4 | A=270.000)
G0 A270.000
G1 Z-5.0 F200.0
G1 X-4.68 F200.0
G0 Z5.0
G0 X0.32
(Pass 34 at X 0.33)
G0 X0.33 Z5.0
(Schneide 1 | A=0.000)
G0 A0.000
G1 Z-5.0 F200.0
G1 X-4.67 F200.0
G0 Z5.0
G0 X0.33
(Schneide 2 | A=90.000)
G0 A90.000
G1 Z-5.0 F200.0
G1 X-4.67 F200.0
G0 Z5.0
G0 X0.33
(Schneide 3 | A=180.000)
G0 A180.000
G1 Z-5.0 F200.0
G1 X-4.67 F200.0
G0 Z5.0
G0 X0.33
(Schneide 4 | A=270.000)
G0 A270.000
G1 Z-5.0 F200.0
G1 X-4.67 F200.0
G0 Z5.0
G0 X0.33
(Pass 35 at X 0.34)
G0 X0.34 Z5.0
(Schneide 1 | A=0.000)
G0 A0.000
G1 Z-5.0 F200.0
G1 X-4.66 F200.0
G0 Z5.0
G0 X0.34
(Schneide 2 | A=90.000)
G0 A90.000
G1 Z-5.0 F200.0
G1 X-4.66 F200.0
G0 Z5.0
G0 X0.34
(Schneide 3 | A=180.000)
G0 A180.000
G1 Z-5.0 F200.0
G1 X-4.66 F200.0
G0 Z5.0
G0 X0.34
(Schneide 4 | A=270.000)
G0 A270.000
G1 Z-5.0 F200.0
G1 X-4.66 F200.0
G0 Z5.0
G0 X0.34
(Pass 36 at X 0.35000000000000003)
G0 X0.35000000000000003 Z5.0
(Schneide 1 | A=0.000)
G0 A0.000
G1 Z-5.0 F200.0
G1 X-4.65 F200.0
G0 Z5.0
G0 X0.35000000000000003
(Schneide 2 | A=90.000)
G0 A90.000
G1 Z-5.0 F200.0
G1 X-4.65 F200.0
G0 Z5.0
G0 X0.35000000000000003
(Schneide 3 | A=180.000)
G0 A180.000
G1 Z-5.0 F200.0
G1 X-4.65 F200.0
G0 Z5.0
G0 X0.35000000000000003
(Schneide 4 | A=270.000)
G0 A270.000
G1 Z-5.0 F200.0
G1 X-4.65 F200.0
G0 Z5.0
G0 X0.35000000000000003
(Pass 37 at X 0.36)
G0 X0.36 Z5.0
(Schneide 1 | A=0.000)
G0 A0.000
G1 Z-5.0 F200.0
G1 X-4.64 F200.0
G0 Z5.0
G0 X0.36
(Schneide 2 | A=90.000)
G0 A90.000
G1 Z-5.0 F200.0
G1 X-4.64 F200.0
G0 Z5.0
G0 X0.36
(Schneide 3 | A=180.000)
G0 A180.000
G1 Z-5.0 F200.0
G1 X-4.64 F200.0
G0 Z5.0
G0 X0.36
(Schneide 4 | A=270.000)
G0 A270.000
G1 Z-5.0 F200.0
G1 X-4.64 F200.0
G0 Z5.0
G0 X0.36
(Pass 38 at X 0.37)
G0 X0.37 Z5.0
(Schneide 1 | A=0.000)
G0 A0.000
G1 Z-5.0 F200.0
G1 X-4.63 F200.0
G0 Z5.0
G0 X0.37
(Schneide 2 | A=90.000)
G0 A90.000
G1 Z-5.0 F200.0
G1 X-4.63 F200.0
G0 Z5.0
G0 X0.37
(Schneide 3 | A=180.000)
G0 A180.000
G1 Z-5.0 F200.0
G1 X-4.63 F200.0
G0 Z5.0
G0 X0.37
(Schneide 4 | A=270.000)
G0 A270.000
G1 Z-5.0 F200.0
G1 X-4.63 F200.0
G0 Z5.0
G0 X0.37
(Pass 39 at X 0.38)
G0 X0.38 Z5.0
(Schneide 1 | A=0.000)
G0 A0.000
G1 Z-5.0 F200.0
G1 X-4.62 F200.0
G0 Z5.0
G0 X0.38
(Schneide 2 | A=90.000)
G0 A90.000
G1 Z-5.0 F200.0
G1 X-4.62 F200.0
G0 Z5.0
G0 X0.38
(Schneide 3 | A=180.000)
G0 A180.000
G1 Z-5.0 F200.0
G1 X-4.62 F200.0
G0 Z5.0
G0 X0.38
(Schneide 4 | A=270.000)
G0 A270.000
G1 Z-5.0 F200.0
G1 X-4.62 F200.0
G0 Z5.0
G0 X0.38
(Pass 40 at X 0.39)
G0 X0.39 Z5.0
(Schneide 1 | A=0.000)
G0 A0.000
G1 Z-5.0 F200.0
G1 X-4.61 F200.0
G0 Z5.0
G0 X0.39
(Schneide 2 | A=90.000)
G0 A90.000
G1 Z-5.0 F200.0
G1 X-4.61 F200.0
G0 Z5.0
G0 X0.39
(Schneide 3 | A=180.000)
G0 A180.000
G1 Z-5.0 F200.0
G1 X-4.61 F200.0
G0 Z5.0
G0 X0.39
(Schneide 4 | A=270.000)
G0 A270.000
G1 Z-5.0 F200.0
G1 X-4.61 F200.0
G0 Z5.0
G0 X0.39
(Pass 41 at X 0.4)
G0 X0.4 Z5.0
(Schneide 1 | A=0.000)
G0 A0.000
G1 Z-5.0 F200.0
G1 X-4.6 F200.0
G0 Z5.0
G0 X0.4
(Schneide 2 | A=90.000)
G0 A90.000
G1 Z-5.0 F200.0
G1 X-4.6 F200.0
G0 Z5.0
G0 X0.4
(Schneide 3 | A=180.000)
G0 A180.000
G1 Z-5.0 F200.0
G1 X-4.6 F200.0
G0 Z5.0
G0 X0.4
(Schneide 4 | A=270.000)
G0 A270.000
G1 Z-5.0 F200.0
G1 X-4.6 F200.0
G0 Z5.0
G0 X0.4
(Pass 42 at X 0.41000000000000003)
G0 X0.41000000000000003 Z5.0
(Schneide 1 | A=0.000)
G0 A0.000
G1 Z-5.0 F200.0
G1 X-4.59 F200.0
G0 Z5.0
G0 X0.41000000000000003
(Schneide 2 | A=90.000)
G0 A90.000
G1 Z-5.0 F200.0
G1 X-4.59 F200.0
G0 Z5.0
G0 X0.41000000000000003
(Schneide 3 | A=180.000)
G0 A180.000
G1 Z-5.0 F200.0
G1 X-4.59 F200.0
G0 Z5.0
G0 X0.41000000000000003
(Schneide 4 | A=270.000)
G0 A270.000
G1 Z-5.0 F200.0
G1 X-4.59 F200.0
G0 Z5.0
G0 X0.41000000000000003
(Pass 43 at X 0.42)
G0 X0.42 Z5.0
(Schneide 1 | A=0.000)
G0 A0.000
G1 Z-5.0 F200.0
G1 X-4.58 F200.0
G0 Z5.0
G0 X0.42
(Schneide 2 | A=90.000)
G0 A90.000
G1 Z-5.0 F200.0
G1 X-4.58 F200.0
G0 Z5.0
G0 X0.42
(Schneide 3 | A=180.000)
G0 A180.000
G1 Z-5.0 F200.0
G1 X-4.58 F200.0
G0 Z5.0
G0 X0.42
(Schneide 4 | A=270.000)
G0 A270.000
G1 Z-5.0 F200.0
G1 X-4.58 F200.0
G0 Z5.0
G0 X0.42
(Pass 44 at X 0.43)
G0 X0.43 Z5.0
(Schneide 1 | A=0.000)
G0 A0.000
G1 Z-5.0 F200.0
G1 X-4.57 F200.0
G0 Z5.0
G0 X0.43
(Schneide 2 | A=90.000)
G0 A90.000
G1 Z-5.0 F200.0
G1 X-4.57 F200.0
G0 Z5.0
G0 X0.43
(Schneide 3 | A=180.000)
G0 A180.000
G1 Z-5.0 F200.0
G1 X-4.57 F200.0
G0 Z5.0
G0 X0.43
(Schneide 4 | A=270.000)
G0 A270.000
G1 Z-5.0 F200.0
G1 X-4.57 F200.0
G0 Z5.0
G0 X0.43
(Pass 45 at X 0.44)
G0 X0.44 Z5.0
(Schneide 1 | A=0.000)
G0 A0.000
G1 Z-5.0 F200.0
G1 X-4.56 F200.0
G0 Z5.0
G0 X0.44
(Schneide 2 | A=90.000)
G0 A90.000
G1 Z-5.0 F200.0
G1 X-4.56 F200.0
G0 Z5.0
G0 X0.44
(Schneide 3 | A=180.000)
G0 A180.000
G1 Z-5.0 F200.0
G1 X-4.56 F200.0
G0 Z5.0
G0 X0.44
(Schneide 4 | A=270.000)
G0 A270.000
G1 Z-5.0 F200.0
G1 X-4.56 F200.0
G0 Z5.0
G0 X0.44
(Pass 46 at X 0.45)
G0 X0.45 Z5.0
(Schneide 1 | A=0.000)
G0 A0.000
G1 Z-5.0 F200.0
G1 X-4.55 F200.0
G0 Z5.0
G0 X0.45
(Schneide 2 | A=90.000)
G0 A90.000
G1 Z-5.0 F200.0
G1 X-4.55 F200.0
G0 Z5.0
G0 X0.45
(Schneide 3 | A=180.000)
G0 A180.000
G1 Z-5.0 F200.0
G1 X-4.55 F200.0
G0 Z5.0
G0 X0.45
(Schneide 4 | A=270.000)
G0 A270.000
G1 Z-5.0 F200.0
G1 X-4.55 F200.0
G0 Z5.0
G0 X0.45
(Pass 47 at X 0.46)
G0 X0.46 Z5.0
(Schneide 1 | A=0.000)
G0 A0.000
G1 Z-5.0 F200.0
G1 X-4.54 F200.0
G0 Z5.0
G0 X0.46
(Schneide 2 | A=90.000)
G0 A90.000
G1 Z-5.0 F200.0
G1 X-4.54 F200.0
G0 Z5.0
G0 X0.46
(Schneide 3 | A=180.000)
G0 A180.000
G1 Z-5.0 F200.0
G1 X-4.54 F200.0
G0 Z5.0
G0 X0.46
(Schneide 4 | A=270.000)
G0 A270.000
G1 Z-5.0 F200.0
G1 X-4.54 F200.0
G0 Z5.0
G0 X0.46
(Pass 48 at X 0.47000000000000003)
G0 X0.47000000000000003 Z5.0
(Schneide 1 | A=0.000)
G0 A0.000
G1 Z-5.0 F200.0
G1 X-4.53 F200.0
G0 Z5.0
G0 X0.47000000000000003
(Schneide 2 | A=90.000)
G0 A90.000
G1 Z-5.0 F200.0
G1 X-4.53 F200.0
G0 Z5.0
G0 X0.47000000000000003
(Schneide 3 | A=180.000)
G0 A180.000
G1 Z-5.0 F200.0
G1 X-4.53 F200.0
G0 Z5.0
G0 X0.47000000000000003
(Schneide 4 | A=270.000)
G0 A270.000
G1 Z-5.0 F200.0
G1 X-4.53 F200.0
G0 Z5.0
G0 X0.47000000000000003
(Pass 49 at X 0.48)
G0 X0.48 Z5.0
(Schneide 1 | A=0.000)
G0 A0.000
G1 Z-5.0 F200.0
G1 X-4.52 F200.0
G0 Z5.0
G0 X0.48
(Schneide 2 | A=90.000)
G0 A90.000
G1 Z-5.0 F200.0
G1 X-4.52 F200.0
G0 Z5.0
G0 X0.48
(Schneide 3 | A=180.000)
G0 A180.000
G1 Z-5.0 F200.0
G1 X-4.52 F200.0
G0 Z5.0
G0 X0.48
(Schneide 4 | A=270.000)
G0 A270.000
G1 Z-5.0 F200.0
G1 X-4.52 F200.0
G0 Z5.0
G0 X0.48
(Pass 50 at X 0.49)
G0 X0.49 Z5.0
(Schneide 1 | A=0.000)
G0 A0.000
G1 Z-5.0 F200.0
G1 X-4.51 F200.0
G0 Z5.0
G0 X0.49
(Schneide 2 | A=90.000)
G0 A90.000
G1 Z-5.0 F200.0
G1 X-4.51 F200.0
G0 Z5.0
G0 X0.49
(Schneide 3 | A=180.000)
G0 A180.000
G1 Z-5.0 F200.0
G1 X-4.51 F200.0
G0 Z5.0
G0 X0.49
(Schneide 4 | A=270.000)
G0 A270.000
G1 Z-5.0 F200.0
G1 X-4.51 F200.0
G0 Z5.0
G0 X0.49
(Pass 51 at X 0.5)
G0 X0.5 Z5.0
(Schneide 1 | A=0.000)
G0 A0.000
G1 Z-5.0 F200.0
G1 X-4.5 F200.0
G0 Z5.0
G0 X0.5
(Schneide 2 | A=90.000)
G0 A90.000
G1 Z-5.0 F200.0
G1 X-4.5 F200.0
G0 Z5.0
G0 X0.5
(Schneide 3 | A=180.000)
G0 A180.000
G1 Z-5.0 F200.0
G1 X-4.5 F200.0
G0 Z5.0
G0 X0.5
(Schneide 4 | A=270.000)
G0 A270.000
G1 Z-5.0 F200.0
G1 X-4.5 F200.0
G0 Z5.0
G0 X0.5
(Pass 52 at X 0.51)
G0 X0.51 Z5.0
(Schneide 1 | A=0.000)
G0 A0.000
G1 Z-5.0 F200.0
G1 X-4.49 F200.0
G0 Z5.0
G0 X0.51
(Schneide 2 | A=90.000)
G0 A90.000
G1 Z-5.0 F200.0
G1 X-4.49 F200.0
G0 Z5.0
G0 X0.51
(Schneide 3 | A=180.000)
G0 A180.000
G1 Z-5.0 F200.0
G1 X-4.49 F200.0
G0 Z5.0
G0 X0.51
(Schneide 4 | A=270.000)
G0 A270.000
G1 Z-5.0 F200.0
G1 X-4.49 F200.0
G0 Z5.0
G0 X0.51
(Pass 53 at X 0.52)
G0 X0.52 Z5.0
(Schneide 1 | A=0.000)
G0 A0.000
G1 Z-5.0 F200.0
G1 X-4.48 F200.0
G0 Z5.0
G0 X0.52
(Schneide 2 | A=90.000)
G0 A90.000
G1 Z-5.0 F200.0
G1 X-4.48 F200.0
G0 Z5.0
G0 X0.52
(Schneide 3 | A=180.000)
G0 A180.000
G1 Z-5.0 F200.0
G1 X-4.48 F200.0
G0 Z5.0
G0 X0.52
(Schneide 4 | A=270.000)
G0 A270.000
G1 Z-5.0 F200.0
G1 X-4.48 F200.0
G0 Z5.0
G0 X0.52
(Pass 54 at X 0.53)
G0 X0.53 Z5.0
(Schneide 1 | A=0.000)
G0 A0.000
G1 Z-5.0 F200.0
G1 X-4.47 F200.0
G0 Z5.0
G0 X0.53
(Schneide 2 | A=90.000)
G0 A90.000
G1 Z-5.0 F200.0
G1 X-4.47 F200.0
G0 Z5.0
G0 X0.53
(Schneide 3 | A=180.000)
G0 A180.000
G1 Z-5.0 F200.0
G1 X-4.47 F200.0
G0 Z5.0
G0 X0.53
(Schneide 4 | A=270.000)
G0 A270.000
G1 Z-5.0 F200.0
G1 X-4.47 F200.0
G0 Z5.0
G0 X0.53
(Pass 55 at X 0.54)
G0 X0.54 Z5.0
(Schneide 1 | A=0.000)
G0 A0.000
G1 Z-5.0 F200.0
G1 X-4.46 F200.0
G0 Z5.0
G0 X0.54
(Schneide 2 | A=90.000)
G0 A90.000
G1 Z-5.0 F200.0
G1 X-4.46 F200.0
G0 Z5.0
G0 X0.54
(Schneide 3 | A=180.000)
G0 A180.000
G1 Z-5.0 F200.0
G1 X-4.46 F200.0
G0 Z5.0
G0 X0.54
(Schneide 4 | A=270.000)
G0 A270.000
G1 Z-5.0 F200.0
G1 X-4.46 F200.0
G0 Z5.0
G0 X0.54
(Pass 56 at X 0.55)
G0 X0.55 Z5.0
(Schneide 1 | A=0.000)
G0 A0.000
G1 Z-5.0 F200.0
G1 X-4.45 F200.0
G0 Z5.0
G0 X0.55
(Schneide 2 | A=90.000)
G0 A90.000
G1 Z-5.0 F200.0
G1 X-4.45 F200.0
G0 Z5.0
G0 X0.55
(Schneide 3 | A=180.000)
G0 A180.000
G1 Z-5.0 F200.0
G1 X-4.45 F200.0
G0 Z5.0
G0 X0.55
(Schneide 4 | A=270.000)
G0 A270.000
G1 Z-5.0 F200.0
G1 X-4.45 F200.0
G0 Z5.0
G0 X0.55
(Pass 57 at X 0.56)
G0 X0.56 Z5.0
(Schneide 1 | A=0.000)
G0 A0.000
G1 Z-5.0 F200.0
G1 X-4.4399999999999995 F200.0
G0 Z5.0
G0 X0.56
(Schneide 2 | A=90.000)
G0 A90.000
G1 Z-5.0 F200.0
G1 X-4.4399999999999995 F200.0
G0 Z5.0
G0 X0.56
(Schneide 3 | A=180.000)
G0 A180.000
G1 Z-5.0 F200.0
G1 X-4.4399999999999995 F200.0
G0 Z5.0
G0 X0.56
(Schneide 4 | A=270.000)
G0 A270.000
G1 Z-5.0 F200.0
G1 X-4.4399999999999995 F200.0
G0 Z5.0
G0 X0.56
(Pass 58 at X 0.5700000000000001)
G0 X0.5700000000000001 Z5.0
(Schneide 1 | A=0.000)
G0 A0.000
G1 Z-5.0 F200.0
G1 X-4.43 F200.0
G0 Z5.0
G0 X0.5700000000000001
(Schneide 2 | A=90.000)
G0 A90.000
G1 Z-5.0 F200.0
G1 X-4.43 F200.0
G0 Z5.0
G0 X0.5700000000000001
(Schneide 3 | A=180.000)
G0 A180.000
G1 Z-5.0 F200.0
G1 X-4.43 F200.0
G0 Z5.0
G0 X0.5700000000000001
(Schneide 4 | A=270.000)
G0 A270.000
G1 Z-5.0 F200.0
G1 X-4.43 F200.0
G0 Z5.0
G0 X0.5700000000000001
(Pass 59 at X 0.58)
G0 X0.58 Z5.0
(Schneide 1 | A=0.000)
G0 A0.000
G1 Z-5.0 F200.0
G1 X-4.42 F200.0
G0 Z5.0
G0 X0.58
(Schneide 2 | A=90.000)
G0 A90.000
G1 Z-5.0 F200.0
G1 X-4.42 F200.0
G0 Z5.0
G0 X0.58
(Schneide 3 | A=180.000)
G0 A180.000
G1 Z-5.0 F200.0
G1 X-4.42 F200.0
G0 Z5.0
G0 X0.58
(Schneide 4 | A=270.000)
G0 A270.000
G1 Z-5.0 F200.0
G1 X-4.42 F200.0
G0 Z5.0
G0 X0.58
(Pass 60 at X 0.59)
G0 X0.59 Z5.0
(Schneide 1 | A=0.000)
G0 A0.000
G1 Z-5.0 F200.0
G1 X-4.41 F200.0
G0 Z5.0
G0 X0.59
(Schneide 2 | A=90.000)
G0 A90.000
G1 Z-5.0 F200.0
G1 X-4.41 F200.0
G0 Z5.0
G0 X0.59
(Schneide 3 | A=180.000)
G0 A180.000
G1 Z-5.0 F200.0
G1 X-4.41 F200.0
G0 Z5.0
G0 X0.59
(Schneide 4 | A=270.000)
G0 A270.000
G1 Z-5.0 F200.0
G1 X-4.41 F200.0
G0 Z5.0
G0 X0.59
(Pass 61 at X 0.6)
G0 X0.6 Z5.0
(Schneide 1 | A=0.000)
G0 A0.000
G1 Z-5.0 F200.0
G1 X-4.4 F200.0
G0 Z5.0
G0 X0.6
(Schneide 2 | A=90.000)
G0 A90.000
G1 Z-5.0 F200.0
G1 X-4.4 F200.0
G0 Z5.0
G0 X0.6
(Schneide 3 | A=180.000)
G0 A180.000
G1 Z-5.0 F200.0
G1 X-4.4 F200.0
G0 Z5.0
G0 X0.6
(Schneide 4 | A=270.000)
G0 A270.000
G1 Z-5.0 F200.0
G1 X-4.4 F200.0
G0 Z5.0
G0 X0.6
(Pass 62 at X 0.61)
G0 X0.61 Z5.0
(Schneide 1 | A=0.000)
G0 A0.000
G1 Z-5.0 F200.0
G1 X-4.39 F200.0
G0 Z5.0
G0 X0.61
(Schneide 2 | A=90.000)
G0 A90.000
G1 Z-5.0 F200.0
G1 X-4.39 F200.0
G0 Z5.0
G0 X0.61
(Schneide 3 | A=180.000)
G0 A180.000
G1 Z-5.0 F200.0
G1 X-4.39 F200.0
G0 Z5.0
G0 X0.61
(Schneide 4 | A=270.000)
G0 A270.000
G1 Z-5.0 F200.0
G1 X-4.39 F200.0
G0 Z5.0
G0 X0.61
(Pass 63 at X 0.62)
G0 X0.62 Z5.0
(Schneide 1 | A=0.000)
G0 A0.000
G1 Z-5.0 F200.0
G1 X-4.38 F200.0
G0 Z5.0
G0 X0.62
(Schneide 2 | A=90.000)
G0 A90.000
G1 Z-5.0 F200.0
G1 X-4.38 F200.0
G0 Z5.0
G0 X0.62
(Schneide 3 | A=180.000)
G0 A180.000
G1 Z-5.0 F200.0
G1 X-4.38 F200.0
G0 Z5.0
G0 X0.62
(Schneide 4 | A=270.000)
G0 A270.000
G1 Z-5.0 F200.0
G1 X-4.38 F200.0
G0 Z5.0
G0 X0.62
(Pass 64 at X 0.63)
G0 X0.63 Z5.0
(Schneide 1 | A=0.000)
G0 A0.000
G1 Z-5.0 F200.0
G1 X-4.37 F200.0
G0 Z5.0
G0 X0.63
(Schneide 2 | A=90.000)
G0 A90.000
G1 Z-5.0 F200.0
G1 X-4.37 F200.0
G0 Z5.0
G0 X0.63
(Schneide 3 | A=180.000)
G0 A180.000
G1 Z-5.0 F200.0
G1 X-4.37 F200.0
G0 Z5.0
G0 X0.63
(Schneide 4 | A=270.000)
G0 A270.000
G1 Z-5.0 F200.0
G1 X-4.37 F200.0
G0 Z5.0
G0 X0.63
(Pass 65 at X 0.64)
G0 X0.64 Z5.0
(Schneide 1 | A=0.000)
G0 A0.000
G1 Z-5.0 F200.0
G1 X-4.36 F200.0
G0 Z5.0
G0 X0.64
(Schneide 2 | A=90.000)
G0 A90.000
G1 Z-5.0 F200.0
G1 X-4.36 F200.0
G0 Z5.0
G0 X0.64
(Schneide 3 | A=180.000)
G0 A180.000
G1 Z-5.0 F200.0
G1 X-4.36 F200.0
G0 Z5.0
G0 X0.64
(Schneide 4 | A=270.000)
G0 A270.000
G1 Z-5.0 F200.0
G1 X-4.36 F200.0
G0 Z5.0
G0 X0.64
(Pass 66 at X 0.65)
G0 X0.65 Z5.0
(Schneide 1 | A=0.000)
G0 A0.000
G1 Z-5.0 F200.0
G1 X-4.35 F200.0
G0 Z5.0
G0 X0.65
(Schneide 2 | A=90.000)
G0 A90.000
G1 Z-5.0 F200.0
G1 X-4.35 F200.0
G0 Z5.0
G0 X0.65
(Schneide 3 | A=180.000)
G0 A180.000
G1 Z-5.0 F200.0
G1 X-4.35 F200.0
G0 Z5.0
G0 X0.65
(Schneide 4 | A=270.000)
G0 A270.000
G1 Z-5.0 F200.0
G1 X-4.35 F200.0
G0 Z5.0
G0 X0.65
(Pass 67 at X 0.66)
G0 X0.66 Z5.0
(Schneide 1 | A=0.000)
G0 A0.000
G1 Z-5.0 F200.0
G1 X-4.34 F200.0
G0 Z5.0
G0 X0.66
(Schneide 2 | A=90.000)
G0 A90.000
G1 Z-5.0 F200.0
G1 X-4.34 F200.0
G0 Z5.0
G0 X0.66
(Schneide 3 | A=180.000)
G0 A180.000
G1 Z-5.0 F200.0
G1 X-4.34 F200.0
G0 Z5.0
G0 X0.66
(Schneide 4 | A=270.000)
G0 A270.000
G1 Z-5.0 F200.0
G1 X-4.34 F200.0
G0 Z5.0
G0 X0.66
(Pass 68 at X 0.67)
G0 X0.67 Z5.0
(Schneide 1 | A=0.000)
G0 A0.000
G1 Z-5.0 F200.0
G1 X-4.33 F200.0
G0 Z5.0
G0 X0.67
(Schneide 2 | A=90.000)
G0 A90.000
G1 Z-5.0 F200.0
G1 X-4.33 F200.0
G0 Z5.0
G0 X0.67
(Schneide 3 | A=180.000)
G0 A180.000
G1 Z-5.0 F200.0
G1 X-4.33 F200.0
G0 Z5.0
G0 X0.67
(Schneide 4 | A=270.000)
G0 A270.000
G1 Z-5.0 F200.0
G1 X-4.33 F200.0
G0 Z5.0
G0 X0.67
(Pass 69 at X 0.68)
G0 X0.68 Z5.0
(Schneide 1 | A=0.000)
G0 A0.000
G1 Z-5.0 F200.0
G1 X-4.32 F200.0
G0 Z5.0
G0 X0.68
(Schneide 2 | A=90.000)
G0 A90.000
G1 Z-5.0 F200.0
G1 X-4.32 F200.0
G0 Z5.0
G0 X0.68
(Schneide 3 | A=180.000)
G0 A180.000
G1 Z-5.0 F200.0
G1 X-4.32 F200.0
G0 Z5.0
G0 X0.68
(Schneide 4 | A=270.000)
G0 A270.000
G1 Z-5.0 F200.0
G1 X-4.32 F200.0
G0 Z5.0
G0 X0.68
(Pass 70 at X 0.6900000000000001)
G0 X0.6900000000000001 Z5.0
(Schneide 1 | A=0.000)
G0 A0.000
G1 Z-5.0 F200.0
G1 X-4.31 F200.0
G0 Z5.0
G0 X0.6900000000000001
(Schneide 2 | A=90.000)
G0 A90.000
G1 Z-5.0 F200.0
G1 X-4.31 F200.0
G0 Z5.0
G0 X0.6900000000000001
(Schneide 3 | A=180.000)
G0 A180.000
G1 Z-5.0 F200.0
G1 X-4.31 F200.0
G0 Z5.0
G0 X0.6900000000000001
(Schneide 4 | A=270.000)
G0 A270.000
G1 Z-5.0 F200.0
G1 X-4.31 F200.0
G0 Z5.0
G0 X0.6900000000000001
(Pass 71 at X 0.7000000000000001)
G0 X0.7000000000000001 Z5.0
(Schneide 1 | A=0.000)
G0 A0.000
G1 Z-5.0 F200.0
G1 X-4.3 F200.0
G0 Z5.0
G0 X0.7000000000000001
(Schneide 2 | A=90.000)
G0 A90.000
G1 Z-5.0 F200.0
G1 X-4.3 F200.0
G0 Z5.0
G0 X0.7000000000000001
(Schneide 3 | A=180.000)
G0 A180.000
G1 Z-5.0 F200.0
G1 X-4.3 F200.0
G0 Z5.0
G0 X0.7000000000000001
(Schneide 4 | A=270.000)
G0 A270.000
G1 Z-5.0 F200.0
G1 X-4.3 F200.0
G0 Z5.0
G0 X0.7000000000000001
(Pass 72 at X 0.71)
G0 X0.71 Z5.0
(Schneide 1 | A=0.000)
G0 A0.000
G1 Z-5.0 F200.0
G1 X-4.29 F200.0
G0 Z5.0
G0 X0.71
(Schneide 2 | A=90.000)
G0 A90.000
G1 Z-5.0 F200.0
G1 X-4.29 F200.0
G0 Z5.0
G0 X0.71
(Schneide 3 | A=180.000)
G0 A180.000
G1 Z-5.0 F200.0
G1 X-4.29 F200.0
G0 Z5.0
G0 X0.71
(Schneide 4 | A=270.000)
G0 A270.000
G1 Z-5.0 F200.0
G1 X-4.29 F200.0
G0 Z5.0
G0 X0.71
(Pass 73 at X 0.72)
G0 X0.72 Z5.0
(Schneide 1 | A=0.000)
G0 A0.000
G1 Z-5.0 F200.0
G1 X-4.28 F200.0
G0 Z5.0
G0 X0.72
(Schneide 2 | A=90.000)
G0 A90.000
G1 Z-5.0 F200.0
G1 X-4.28 F200.0
G0 Z5.0
G0 X0.72
(Schneide 3 | A=180.000)
G0 A180.000
G1 Z-5.0 F200.0
G1 X-4.28 F200.0
G0 Z5.0
G0 X0.72
(Schneide 4 | A=270.000)
G0 A270.000
G1 Z-5.0 F200.0
G1 X-4.28 F200.0
G0 Z5.0
G0 X0.72
(Pass 74 at X 0.73)
G0 X0.73 Z5.0
(Schneide 1 | A=0.000)
G0 A0.000
G1 Z-5.0 F200.0
G1 X-4.27 F200.0
G0 Z5.0
G0 X0.73
(Schneide 2 | A=90.000)
G0 A90.000
G1 Z-5.0 F200.0
G1 X-4.27 F200.0
G0 Z5.0
G0 X0.73
(Schneide 3 | A=180.000)
G0 A180.000
G1 Z-5.0 F200.0
G1 X-4.27 F200.0
G0 Z5.0
G0 X0.73
(Schneide 4 | A=270.000)
G0 A270.000
G1 Z-5.0 F200.0
G1 X-4.27 F200.0
G0 Z5.0
G0 X0.73
(Pass 75 at X 0.74)
G0 X0.74 Z5.0
(Schneide 1 | A=0.000)
G0 A0.000
G1 Z-5.0 F200.0
G1 X-4.26 F200.0
G0 Z5.0
G0 X0.74
(Schneide 2 | A=90.000)
G0 A90.000
G1 Z-5.0 F200.0
G1 X-4.26 F200.0
G0 Z5.0
G0 X0.74
(Schneide 3 | A=180.000)
G0 A180.000
G1 Z-5.0 F200.0
G1 X-4.26 F200.0
G0 Z5.0
G0 X0.74
(Schneide 4 | A=270.000)
G0 A270.000
G1 Z-5.0 F200.0
G1 X-4.26 F200.0
G0 Z5.0
G0 X0.74
(Pass 76 at X 0.75)
G0 X0.75 Z5.0
(Schneide 1 | A=0.000)
G0 A0.000
G1 Z-5.0 F200.0
G1 X-4.25 F200.0
G0 Z5.0
G0 X0.75
(Schneide 2 | A=90.000)
G0 A90.000
G1 Z-5.0 F200.0
G1 X-4.25 F200.0
G0 Z5.0
G0 X0.75
(Schneide 3 | A=180.000)
G0 A180.000
G1 Z-5.0 F200.0
G1 X-4.25 F200.0
G0 Z5.0
G0 X0.75
(Schneide 4 | A=270.000)
G0 A270.000
G1 Z-5.0 F200.0
G1 X-4.25 F200.0
G0 Z5.0
G0 X0.75
(Pass 77 at X 0.76)
G0 X0.76 Z5.0
(Schneide 1 | A=0.000)
G0 A0.000
G1 Z-5.0 F200.0
G1 X-4.24 F200.0
G0 Z5.0
G0 X0.76
(Schneide 2 | A=90.000)
G0 A90.000
G1 Z-5.0 F200.0
G1 X-4.24 F200.0
G0 Z5.0
G0 X0.76
(Schneide 3 | A=180.000)
G0 A180.000
G1 Z-5.0 F200.0
G1 X-4.24 F200.0
G0 Z5.0
G0 X0.76
(Schneide 4 | A=270.000)
G0 A270.000
G1 Z-5.0 F200.0
G1 X-4.24 F200.0
G0 Z5.0
G0 X0.76
(Pass 78 at X 0.77)
G0 X0.77 Z5.0
(Schneide 1 | A=0.000)
G0 A0.000
G1 Z-5.0 F200.0
G1 X-4.23 F200.0
G0 Z5.0
G0 X0.77
(Schneide 2 | A=90.000)
G0 A90.000
G1 Z-5.0 F200.0
G1 X-4.23 F200.0
G0 Z5.0
G0 X0.77
(Schneide 3 | A=180.000)
G0 A180.000
G1 Z-5.0 F200.0
G1 X-4.23 F200.0
G0 Z5.0
G0 X0.77
(Schneide 4 | A=270.000)
G0 A270.000
G1 Z-5.0 F200.0
G1 X-4.23 F200.0
G0 Z5.0
G0 X0.77
(Pass 79 at X 0.78)
G0 X0.78 Z5.0
(Schneide 1 | A=0.000)
G0 A0.000
G1 Z-5.0 F200.0
G1 X-4.22 F200.0
G0 Z5.0
G0 X0.78
(Schneide 2 | A=90.000)
G0 A90.000
G1 Z-5.0 F200.0
G1 X-4.22 F200.0
G0 Z5.0
G0 X0.78
(Schneide 3 | A=180.000)
G0 A180.000
G1 Z-5.0 F200.0
G1 X-4.22 F200.0
G0 Z5.0
G0 X0.78
(Schneide 4 | A=270.000)
G0 A270.000
G1 Z-5.0 F200.0
G1 X-4.22 F200.0
G0 Z5.0
G0 X0.78
(Pass 80 at X 0.79)
G0 X0.79 Z5.0
(Schneide 1 | A=0.000)
G0 A0.000
G1 Z-5.0 F200.0
G1 X-4.21 F200.0
G0 Z5.0
G0 X0.79
(Schneide 2 | A=90.000)
G0 A90.000
G1 Z-5.0 F200.0
G1 X-4.21 F200.0
G0 Z5.0
G0 X0.79
(Schneide 3 | A=180.000)
G0 A180.000
G1 Z-5.0 F200.0
G1 X-4.21 F200.0
G0 Z5.0
G0 X0.79
(Schneide 4 | A=270.000)
G0 A270.000
G1 Z-5.0 F200.0
G1 X-4.21 F200.0
G0 Z5.0
G0 X0.79
(Pass 81 at X 0.8)
G0 X0.8 Z5.0
(Schneide 1 | A=0.000)
G0 A0.000
G1 Z-5.0 F200.0
G1 X-4.2 F200.0
G0 Z5.0
G0 X0.8
(Schneide 2 | A=90.000)
G0 A90.000
G1 Z-5.0 F200.0
G1 X-4.2 F200.0
G0 Z5.0
G0 X0.8
(Schneide 3 | A=180.000)
G0 A180.000
G1 Z-5.0 F200.0
G1 X-4.2 F200.0
G0 Z5.0
G0 X0.8
(Schneide 4 | A=270.000)
G0 A270.000
G1 Z-5.0 F200.0
G1 X-4.2 F200.0
G0 Z5.0
G0 X0.8
(Pass 82 at X 0.81)
G0 X0.81 Z5.0
(Schneide 1 | A=0.000)
G0 A0.000
G1 Z-5.0 F200.0
G1 X-4.1899999999999995 F200.0
G0 Z5.0
G0 X0.81
(Schneide 2 | A=90.000)
G0 A90.000
G1 Z-5.0 F200.0
G1 X-4.1899999999999995 F200.0
G0 Z5.0
G0 X0.81
(Schneide 3 | A=180.000)
G0 A180.000
G1 Z-5.0 F200.0
G1 X-4.1899999999999995 F200.0
G0 Z5.0
G0 X0.81
(Schneide 4 | A=270.000)
G0 A270.000
G1 Z-5.0 F200.0
G1 X-4.1899999999999995 F200.0
G0 Z5.0
G0 X0.81
(Pass 83 at X 0.8200000000000001)
G0 X0.8200000000000001 Z5.0
(Schneide 1 | A=0.000)
G0 A0.000
G1 Z-5.0 F200.0
G1 X-4.18 F200.0
G0 Z5.0
G0 X0.8200000000000001
(Schneide 2 | A=90.000)
G0 A90.000
G1 Z-5.0 F200.0
G1 X-4.18 F200.0
G0 Z5.0
G0 X0.8200000000000001
(Schneide 3 | A=180.000)
G0 A180.000
G1 Z-5.0 F200.0
G1 X-4.18 F200.0
G0 Z5.0
G0 X0.8200000000000001
(Schneide 4 | A=270.000)
G0 A270.000
G1 Z-5.0 F200.0
G1 X-4.18 F200.0
G0 Z5.0
G0 X0.8200000000000001
(Pass 84 at X 0.8300000000000001)
G0 X0.8300000000000001 Z5.0
(Schneide 1 | A=0.000)
G0 A0.000
G1 Z-5.0 F200.0
G1 X-4.17 F200.0
G0 Z5.0
G0 X0.8300000000000001
(Schneide 2 | A=90.000)
G0 A90.000
G1 Z-5.0 F200.0
G1 X-4.17 F200.0
G0 Z5.0
G0 X0.8300000000000001
(Schneide 3 | A=180.000)
G0 A180.000
G1 Z-5.0 F200.0
G1 X-4.17 F200.0
G0 Z5.0
G0 X0.8300000000000001
(Schneide 4 | A=270.000)
G0 A270.000
G1 Z-5.0 F200.0
G1 X-4.17 F200.0
G0 Z5.0
G0 X0.8300000000000001
(Pass 85 at X 0.84)
G0 X0.84 Z5.0
(Schneide 1 | A=0.000)
G0 A0.000
G1 Z-5.0 F200.0
G1 X-4.16 F200.0
G0 Z5.0
G0 X0.84
(Schneide 2 | A=90.000)
G0 A90.000
G1 Z-5.0 F200.0
G1 X-4.16 F200.0
G0 Z5.0
G0 X0.84
(Schneide 3 | A=180.000)
G0 A180.000
G1 Z-5.0 F200.0
G1 X-4.16 F200.0
G0 Z5.0
G0 X0.84
(Schneide 4 | A=270.000)
G0 A270.000
G1 Z-5.0 F200.0
G1 X-4.16 F200.0
G0 Z5.0
G0 X0.84
(Pass 86 at X 0.85)
G0 X0.85 Z5.0
(Schneide 1 | A=0.000)
G0 A0.000
G1 Z-5.0 F200.0
G1 X-4.15 F200.0
G0 Z5.0
G0 X0.85
(Schneide 2 | A=90.000)
G0 A90.000
G1 Z-5.0 F200.0
G1 X-4.15 F200.0
G0 Z5.0
G0 X0.85
(Schneide 3 | A=180.000)
G0 A180.000
G1 Z-5.0 F200.0
G1 X-4.15 F200.0
G0 Z5.0
G0 X0.85
(Schneide 4 | A=270.000)
G0 A270.000
G1 Z-5.0 F200.0
G1 X-4.15 F200.0
G0 Z5.0
G0 X0.85
(Pass 87 at X 0.86)
G0 X0.86 Z5.0
(Schneide 1 | A=0.000)
G0 A0.000
G1 Z-5.0 F200.0
G1 X-4.14 F200.0
G0 Z5.0
G0 X0.86
(Schneide 2 | A=90.000)
G0 A90.000
G1 Z-5.0 F200.0
G1 X-4.14 F200.0
G0 Z5.0
G0 X0.86
(Schneide 3 | A=180.000)
G0 A180.000
G1 Z-5.0 F200.0
G1 X-4.14 F200.0
G0 Z5.0
G0 X0.86
(Schneide 4 | A=270.000)
G0 A270.000
G1 Z-5.0 F200.0
G1 X-4.14 F200.0
G0 Z5.0
G0 X0.86
(Pass 88 at X 0.87)
G0 X0.87 Z5.0
(Schneide 1 | A=0.000)
G0 A0.000
G1 Z-5.0 F200.0
G1 X-4.13 F200.0
G0 Z5.0
G0 X0.87
(Schneide 2 | A=90.000)
G0 A90.000
G1 Z-5.0 F200.0
G1 X-4.13 F200.0
G0 Z5.0
G0 X0.87
(Schneide 3 | A=180.000)
G0 A180.000
G1 Z-5.0 F200.0
G1 X-4.13 F200.0
G0 Z5.0
G0 X0.87
(Schneide 4 | A=270.000)
G0 A270.000
G1 Z-5.0 F200.0
G1 X-4.13 F200.0
G0 Z5.0
G0 X0.87
(Pass 89 at X 0.88)
G0 X0.88 Z5.0
(Schneide 1 | A=0.000)
G0 A0.000
G1 Z-5.0 F200.0
G1 X-4.12 F200.0
G0 Z5.0
G0 X0.88
(Schneide 2 | A=90.000)
G0 A90.000
G1 Z-5.0 F200.0
G1 X-4.12 F200.0
G0 Z5.0
G0 X0.88
(Schneide 3 | A=180.000)
G0 A180.000
G1 Z-5.0 F200.0
G1 X-4.12 F200.0
G0 Z5.0
G0 X0.88
(Schneide 4 | A=270.000)
G0 A270.000
G1 Z-5.0 F200.0
G1 X-4.12 F200.0
G0 Z5.0
G0 X0.88
(Pass 90 at X 0.89)
G0 X0.89 Z5.0
(Schneide 1 | A=0.000)
G0 A0.000
G1 Z-5.0 F200.0
G1 X-4.11 F200.0
G0 Z5.0
G0 X0.89
(Schneide 2 | A=90.000)
G0 A90.000
G1 Z-5.0 F200.0
G1 X-4.11 F200.0
G0 Z5.0
G0 X0.89
(Schneide 3 | A=180.000)
G0 A180.000
G1 Z-5.0 F200.0
G1 X-4.11 F200.0
G0 Z5.0
G0 X0.89
(Schneide 4 | A=270.000)
G0 A270.000
G1 Z-5.0 F200.0
G1 X-4.11 F200.0
G0 Z5.0
G0 X0.89
(Pass 91 at X 0.9)
G0 X0.9 Z5.0
(Schneide 1 | A=0.000)
G0 A0.000
G1 Z-5.0 F200.0
G1 X-4.1 F200.0
G0 Z5.0
G0 X0.9
(Schneide 2 | A=90.000)
G0 A90.000
G1 Z-5.0 F200.0
G1 X-4.1 F200.0
G0 Z5.0
G0 X0.9
(Schneide 3 | A=180.000)
G0 A180.000
G1 Z-5.0 F200.0
G1 X-4.1 F200.0
G0 Z5.0
G0 X0.9
(Schneide 4 | A=270.000)
G0 A270.000
G1 Z-5.0 F200.0
G1 X-4.1 F200.0
G0 Z5.0
G0 X0.9
(Pass 92 at X 0.91)
G0 X0.91 Z5.0
(Schneide 1 | A=0.000)
G0 A0.000
G1 Z-5.0 F200.0
G1 X-4.09 F200.0
G0 Z5.0
G0 X0.91
(Schneide 2 | A=90.000)
G0 A90.000
G1 Z-5.0 F200.0
G1 X-4.09 F200.0
G0 Z5.0
G0 X0.91
(Schneide 3 | A=180.000)
G0 A180.000
G1 Z-5.0 F200.0
G1 X-4.09 F200.0
G0 Z5.0
G0 X0.91
(Schneide 4 | A=270.000)
G0 A270.000
G1 Z-5.0 F200.0
G1 X-4.09 F200.0
G0 Z5.0
G0 X0.91
(Pass 93 at X 0.92)
G0 X0.92 Z5.0
(Schneide 1 | A=0.000)
G0 A0.000
G1 Z-5.0 F200.0
G1 X-4.08 F200.0
G0 Z5.0
G0 X0.92
(Schneide 2 | A=90.000)
G0 A90.000
G1 Z-5.0 F200.0
G1 X-4.08 F200.0
G0 Z5.0
G0 X0.92
(Schneide 3 | A=180.000)
G0 A180.000
G1 Z-5.0 F200.0
G1 X-4.08 F200.0
G0 Z5.0
G0 X0.92
(Schneide 4 | A=270.000)
G0 A270.000
G1 Z-5.0 F200.0
G1 X-4.08 F200.0
G0 Z5.0
G0 X0.92
(Pass 94 at X 0.93)
G0 X0.93 Z5.0
(Schneide 1 | A=0.000)
G0 A0.000
G1 Z-5.0 F200.0
G1 X-4.07 F200.0
G0 Z5.0
G0 X0.93
(Schneide 2 | A=90.000)
G0 A90.000
G1 Z-5.0 F200.0
G1 X-4.07 F200.0
G0 Z5.0
G0 X0.93
(Schneide 3 | A=180.000)
G0 A180.000
G1 Z-5.0 F200.0
G1 X-4.07 F200.0
G0 Z5.0
G0 X0.93
(Schneide 4 | A=270.000)
G0 A270.000
G1 Z-5.0 F200.0
G1 X-4.07 F200.0
G0 Z5.0
G0 X0.93
(Pass 95 at X 0.9400000000000001)
G0 X0.9400000000000001 Z5.0
(Schneide 1 | A=0.000)
G0 A0.000
G1 Z-5.0 F200.0
G1 X-4.06 F200.0
G0 Z5.0
G0 X0.9400000000000001
(Schneide 2 | A=90.000)
G0 A90.000
G1 Z-5.0 F200.0
G1 X-4.06 F200.0
G0 Z5.0
G0 X0.9400000000000001
(Schneide 3 | A=180.000)
G0 A180.000
G1 Z-5.0 F200.0
G1 X-4.06 F200.0
G0 Z5.0
G0 X0.9400000000000001
(Schneide 4 | A=270.000)
G0 A270.000
G1 Z-5.0 F200.0
G1 X-4.06 F200.0
G0 Z5.0
G0 X0.9400000000000001
(Pass 96 at X 0.9500000000000001)
G0 X0.9500000000000001 Z5.0
(Schneide 1 | A=0.000)
G0 A0.000
G1 Z-5.0 F200.0
G1 X-4.05 F200.0
G0 Z5.0
G0 X0.9500000000000001
(Schneide 2 | A=90.000)
G0 A90.000
G1 Z-5.0 F200.0
G1 X-4.05 F200.0
G0 Z5.0
G0 X0.9500000000000001
(Schneide 3 | A=180.000)
G0 A180.000
G1 Z-5.0 F200.0
G1 X-4.05 F200.0
G0 Z5.0
G0 X0.9500000000000001
(Schneide 4 | A=270.000)
G0 A270.000
G1 Z-5.0 F200.0
G1 X-4.05 F200.0
G0 Z5.0
G0 X0.9500000000000001
(Pass 97 at X 0.96)
G0 X0.96 Z5.0
(Schneide 1 | A=0.000)
G0 A0.000
G1 Z-5.0 F200.0
G1 X-4.04 F200.0
G0 Z5.0
G0 X0.96
(Schneide 2 | A=90.000)
G0 A90.000
G1 Z-5.0 F200.0
G1 X-4.04 F200.0
G0 Z5.0
G0 X0.96
(Schneide 3 | A=180.000)
G0 A180.000
G1 Z-5.0 F200.0
G1 X-4.04 F200.0
G0 Z5.0
G0 X0.96
(Schneide 4 | A=270.000)
G0 A270.000
G1 Z-5.0 F200.0
G1 X-4.04 F200.0
G0 Z5.0
G0 X0.96
(Pass 98 at X 0.97)
G0 X0.97 Z5.0
(Schneide 1 | A=0.000)
G0 A0.000
G1 Z-5.0 F200.0
G1 X-4.03 F200.0
G0 Z5.0
G0 X0.97
(Schneide 2 | A=90.000)
G0 A90.000
G1 Z-5.0 F200.0
G1 X-4.03 F200.0
G0 Z5.0
G0 X0.97
(Schneide 3 | A=180.000)
G0 A180.000
G1 Z-5.0 F200.0
G1 X-4.03 F200.0
G0 Z5.0
G0 X0.97
(Schneide 4 | A=270.000)
G0 A270.000
G1 Z-5.0 F200.0
G1 X-4.03 F200.0
G0 Z5.0
G0 X0.97
(Pass 99 at X 0.98)
G0 X0.98 Z5.0
(Schneide 1 | A=0.000)
G0 A0.000
G1 Z-5.0 F200.0
G1 X-4.02 F200.0
G0 Z5.0
G0 X0.98
(Schneide 2 | A=90.000)
G0 A90.000
G1 Z-5.0 F200.0
G1 X-4.02 F200.0
G0 Z5.0
G0 X0.98
(Schneide 3 | A=180.000)
G0 A180.000
G1 Z-5.0 F200.0
G1 X-4.02 F200.0
G0 Z5.0
G0 X0.98
(Schneide 4 | A=270.000)
G0 A270.000
G1 Z-5.0 F200.0
G1 X-4.02 F200.0
G0 Z5.0
G0 X0.98
(Pass 100 at X 0.99)
G0 X0.99 Z5.0
(Schneide 1 | A=0.000)
G0 A0.000
G1 Z-5.0 F200.0
G1 X-4.01 F200.0
G0 Z5.0
G0 X0.99
(Schneide 2 | A=90.000)
G0 A90.000
G1 Z-5.0 F200.0
G1 X-4.01 F200.0
G0 Z5.0
G0 X0.99
(Schneide 3 | A=180.000)
G0 A180.000
G1 Z-5.0 F200.0
G1 X-4.01 F200.0
G0 Z5.0
G0 X0.99
(Schneide 4 | A=270.000)
G0 A270.000
G1 Z-5.0 F200.0
G1 X-4.01 F200.0
G0 Z5.0
G0 X0.99
(Pass 101 at X 1.0)
G0 X1.0 Z5.0
(Schneide 1 | A=0.000)
G0 A0.000
G1 Z-5.0 F200.0
G1 X-4.0 F200.0
G0 Z5.0
G0 X1.0
(Schneide 2 | A=90.000)
G0 A90.000
G1 Z-5.0 F200.0
G1 X-4.0 F200.0
G0 Z5.0
G0 X1.0
(Schneide 3 | A=180.000)
G0 A180.000
G1 Z-5.0 F200.0
G1 X-4.0 F200.0
G0 Z5.0
G0 X1.0
(Schneide 4 | A=270.000)
G0 A270.000
G1 Z-5.0 F200.0
G1 X-4.0 F200.0
G0 Z5.0
G0 X1.0
(Pass 102 at X 1.01)
G0 X1.01 Z5.0
(Schneide 1 | A=0.000)
G0 A0.000
G1 Z-5.0 F200.0
G1 X-3.99 F200.0
G0 Z5.0
G0 X1.01
(Schneide 2 | A=90.000)
G0 A90.000
G1 Z-5.0 F200.0
G1 X-3.99 F200.0
G0 Z5.0
G0 X1.01
(Schneide 3 | A=180.000)
G0 A180.000
G1 Z-5.0 F200.0
G1 X-3.99 F200.0
G0 Z5.0
G0 X1.01
(Schneide 4 | A=270.000)
G0 A270.000
G1 Z-5.0 F200.0
G1 X-3.99 F200.0
G0 Z5.0
G0 X1.01
(Pass 103 at X 1.02)
G0 X1.02 Z5.0
(Schneide 1 | A=0.000)
G0 A0.000
G1 Z-5.0 F200.0
G1 X-3.98 F200.0
G0 Z5.0
G0 X1.02
(Schneide 2 | A=90.000)
G0 A90.000
G1 Z-5.0 F200.0
G1 X-3.98 F200.0
G0 Z5.0
G0 X1.02
(Schneide 3 | A=180.000)
G0 A180.000
G1 Z-5.0 F200.0
G1 X-3.98 F200.0
G0 Z5.0
G0 X1.02
(Schneide 4 | A=270.000)
G0 A270.000
G1 Z-5.0 F200.0
G1 X-3.98 F200.0
G0 Z5.0
G0 X1.02
(Pass 104 at X 1.03)
G0 X1.03 Z5.0
(Schneide 1 | A=0.000)
G0 A0.000
G1 Z-5.0 F200.0
G1 X-3.9699999999999998 F200.0
G0 Z5.0
G0 X1.03
(Schneide 2 | A=90.000)
G0 A90.000
G1 Z-5.0 F200.0
G1 X-3.9699999999999998 F200.0
G0 Z5.0
G0 X1.03
(Schneide 3 | A=180.000)
G0 A180.000
G1 Z-5.0 F200.0
G1 X-3.9699999999999998 F200.0
G0 Z5.0
G0 X1.03
(Schneide 4 | A=270.000)
G0 A270.000
G1 Z-5.0 F200.0
G1 X-3.9699999999999998 F200.0
G0 Z5.0
G0 X1.03
(Pass 105 at X 1.04)
G0 X1.04 Z5.0
(Schneide 1 | A=0.000)
G0 A0.000
G1 Z-5.0 F200.0
G1 X-3.96 F200.0
G0 Z5.0
G0 X1.04
(Schneide 2 | A=90.000)
G0 A90.000
G1 Z-5.0 F200.0
G1 X-3.96 F200.0
G0 Z5.0
G0 X1.04
(Schneide 3 | A=180.000)
G0 A180.000
G1 Z-5.0 F200.0
G1 X-3.96 F200.0
G0 Z5.0
G0 X1.04
(Schneide 4 | A=270.000)
G0 A270.000
G1 Z-5.0 F200.0
G1 X-3.96 F200.0
G0 Z5.0
G0 X1.04
(Pass 106 at X 1.05)
G0 X1.05 Z5.0
(Schneide 1 | A=0.000)
G0 A0.000
G1 Z-5.0 F200.0
G1 X-3.95 F200.0
G0 Z5.0
G0 X1.05
(Schneide 2 | A=90.000)
G0 A90.000
G1 Z-5.0 F200.0
G1 X-3.95 F200.0
G0 Z5.0
G0 X1.05
(Schneide 3 | A=180.000)
G0 A180.000
G1 Z-5.0 F200.0
G1 X-3.95 F200.0
G0 Z5.0
G0 X1.05
(Schneide 4 | A=270.000)
G0 A270.000
G1 Z-5.0 F200.0
G1 X-3.95 F200.0
G0 Z5.0
G0 X1.05
(Pass 107 at X 1.06)
G0 X1.06 Z5.0
(Schneide 1 | A=0.000)
G0 A0.000
G1 Z-5.0 F200.0
G1 X-3.94 F200.0
G0 Z5.0
G0 X1.06
(Schneide 2 | A=90.000)
G0 A90.000
G1 Z-5.0 F200.0
G1 X-3.94 F200.0
G0 Z5.0
G0 X1.06
(Schneide 3 | A=180.000)
G0 A180.000
G1 Z-5.0 F200.0
G1 X-3.94 F200.0
G0 Z5.0
G0 X1.06
(Schneide 4 | A=270.000)
G0 A270.000
G1 Z-5.0 F200.0
G1 X-3.94 F200.0
G0 Z5.0
G0 X1.06
(Pass 108 at X 1.07)
G0 X1.07 Z5.0
(Schneide 1 | A=0.000)
G0 A0.000
G1 Z-5.0 F200.0
G1 X-3.9299999999999997 F200.0
G0 Z5.0
G0 X1.07
(Schneide 2 | A=90.000)
G0 A90.000
G1 Z-5.0 F200.0
G1 X-3.9299999999999997 F200.0
G0 Z5.0
G0 X1.07
(Schneide 3 | A=180.000)
G0 A180.000
G1 Z-5.0 F200.0
G1 X-3.9299999999999997 F200.0
G0 Z5.0
G0 X1.07
(Schneide 4 | A=270.000)
G0 A270.000
G1 Z-5.0 F200.0
G1 X-3.9299999999999997 F200.0
G0 Z5.0
G0 X1.07
(Pass 109 at X 1.08)
G0 X1.08 Z5.0
(Schneide 1 | A=0.000)
G0 A0.000
G1 Z-5.0 F200.0
G1 X-3.92 F200.0
G0 Z5.0
G0 X1.08
(Schneide 2 | A=90.000)
G0 A90.000
G1 Z-5.0 F200.0
G1 X-3.92 F200.0
G0 Z5.0
G0 X1.08
(Schneide 3 | A=180.000)
G0 A180.000
G1 Z-5.0 F200.0
G1 X-3.92 F200.0
G0 Z5.0
G0 X1.08
(Schneide 4 | A=270.000)
G0 A270.000
G1 Z-5.0 F200.0
G1 X-3.92 F200.0
G0 Z5.0
G0 X1.08
(Pass 110 at X 1.09)
G0 X1.09 Z5.0
(Schneide 1 | A=0.000)
G0 A0.000
G1 Z-5.0 F200.0
G1 X-3.91 F200.0
G0 Z5.0
G0 X1.09
(Schneide 2 | A=90.000)
G0 A90.000
G1 Z-5.0 F200.0
G1 X-3.91 F200.0
G0 Z5.0
G0 X1.09
(Schneide 3 | A=180.000)
G0 A180.000
G1 Z-5.0 F200.0
G1 X-3.91 F200.0
G0 Z5.0
G0 X1.09
(Schneide 4 | A=270.000)
G0 A270.000
G1 Z-5.0 F200.0
G1 X-3.91 F200.0
G0 Z5.0
G0 X1.09
(Pass 111 at X 1.1)
G0 X1.1 Z5.0
(Schneide 1 | A=0.000)
G0 A0.000
G1 Z-5.0 F200.0
G1 X-3.9 F200.0
G0 Z5.0
G0 X1.1
(Schneide 2 | A=90.000)
G0 A90.000
G1 Z-5.0 F200.0
G1 X-3.9 F200.0
G0 Z5.0
G0 X1.1
(Schneide 3 | A=180.000)
G0 A180.000
G1 Z-5.0 F200.0
G1 X-3.9 F200.0
G0 Z5.0
G0 X1.1
(Schneide 4 | A=270.000)
G0 A270.000
G1 Z-5.0 F200.0
G1 X-3.9 F200.0
G0 Z5.0
G0 X1.1
(Pass 112 at X 1.11)
G0 X1.11 Z5.0
(Schneide 1 | A=0.000)
G0 A0.000
G1 Z-5.0 F200.0
G1 X-3.8899999999999997 F200.0
G0 Z5.0
G0 X1.11
(Schneide 2 | A=90.000)
G0 A90.000
G1 Z-5.0 F200.0
G1 X-3.8899999999999997 F200.0
G0 Z5.0
G0 X1.11
(Schneide 3 | A=180.000)
G0 A180.000
G1 Z-5.0 F200.0
G1 X-3.8899999999999997 F200.0
G0 Z5.0
G0 X1.11
(Schneide 4 | A=270.000)
G0 A270.000
G1 Z-5.0 F200.0
G1 X-3.8899999999999997 F200.0
G0 Z5.0
G0 X1.11
(Pass 113 at X 1.12)
G0 X1.12 Z5.0
(Schneide 1 | A=0.000)
G0 A0.000
G1 Z-5.0 F200.0
G1 X-3.88 F200.0
G0 Z5.0
G0 X1.12
(Schneide 2 | A=90.000)
G0 A90.000
G1 Z-5.0 F200.0
G1 X-3.88 F200.0
G0 Z5.0
G0 X1.12
(Schneide 3 | A=180.000)
G0 A180.000
G1 Z-5.0 F200.0
G1 X-3.88 F200.0
G0 Z5.0
G0 X1.12
(Schneide 4 | A=270.000)
G0 A270.000
G1 Z-5.0 F200.0
G1 X-3.88 F200.0
G0 Z5.0
G0 X1.12
(Pass 114 at X 1.1300000000000001)
G0 X1.1300000000000001 Z5.0
(Schneide 1 | A=0.000)
G0 A0.000
G1 Z-5.0 F200.0
G1 X-3.87 F200.0
G0 Z5.0
G0 X1.1300000000000001
(Schneide 2 | A=90.000)
G0 A90.000
G1 Z-5.0 F200.0
G1 X-3.87 F200.0
G0 Z5.0
G0 X1.1300000000000001
(Schneide 3 | A=180.000)
G0 A180.000
G1 Z-5.0 F200.0
G1 X-3.87 F200.0
G0 Z5.0
G0 X1.1300000000000001
(Schneide 4 | A=270.000)
G0 A270.000
G1 Z-5.0 F200.0
G1 X-3.87 F200.0
G0 Z5.0
G0 X1.1300000000000001
(Pass 115 at X 1.1400000000000001)
G0 X1.1400000000000001 Z5.0
(Schneide 1 | A=0.000)
G0 A0.000
G1 Z-5.0 F200.0
G1 X-3.86 F200.0
G0 Z5.0
G0 X1.1400000000000001
(Schneide 2 | A=90.000)
G0 A90.000
G1 Z-5.0 F200.0
G1 X-3.86 F200.0
G0 Z5.0
G0 X1.1400000000000001
(Schneide 3 | A=180.000)
G0 A180.000
G1 Z-5.0 F200.0
G1 X-3.86 F200.0
G0 Z5.0
G0 X1.1400000000000001
(Schneide 4 | A=270.000)
G0 A270.000
G1 Z-5.0 F200.0
G1 X-3.86 F200.0
G0 Z5.0
G0 X1.1400000000000001
(Pass 116 at X 1.1500000000000001)
G0 X1.1500000000000001 Z5.0
(Schneide 1 | A=0.000)
G0 A0.000
G1 Z-5.0 F200.0
G1 X-3.8499999999999996 F200.0
G0 Z5.0
G0 X1.1500000000000001
(Schneide 2 | A=90.000)
G0 A90.000
G1 Z-5.0 F200.0
G1 X-3.8499999999999996 F200.0
G0 Z5.0
G0 X1.1500000000000001
(Schneide 3 | A=180.000)
G0 A180.000
G1 Z-5.0 F200.0
G1 X-3.8499999999999996 F200.0
G0 Z5.0
G0 X1.1500000000000001
(Schneide 4 | A=270.000)
G0 A270.000
G1 Z-5.0 F200.0
G1 X-3.8499999999999996 F200.0
G0 Z5.0
G0 X1.1500000000000001
(Pass 117 at X 1.16)
G0 X1.16 Z5.0
(Schneide 1 | A=0.000)
G0 A0.000
G1 Z-5.0 F200.0
G1 X-3.84 F200.0
G0 Z5.0
G0 X1.16
(Schneide 2 | A=90.000)
G0 A90.000
G1 Z-5.0 F200.0
G1 X-3.84 F200.0
G0 Z5.0
G0 X1.16
(Schneide 3 | A=180.000)
G0 A180.000
G1 Z-5.0 F200.0
G1 X-3.84 F200.0
G0 Z5.0
G0 X1.16
(Schneide 4 | A=270.000)
G0 A270.000
G1 Z-5.0 F200.0
G1 X-3.84 F200.0
G0 Z5.0
G0 X1.16
(Pass 118 at X 1.17)
G0 X1.17 Z5.0
(Schneide 1 | A=0.000)
G0 A0.000
G1 Z-5.0 F200.0
G1 X-3.83 F200.0
G0 Z5.0
G0 X1.17
(Schneide 2 | A=90.000)
G0 A90.000
G1 Z-5.0 F200.0
G1 X-3.83 F200.0
G0 Z5.0
G0 X1.17
(Schneide 3 | A=180.000)
G0 A180.000
G1 Z-5.0 F200.0
G1 X-3.83 F200.0
G0 Z5.0
G0 X1.17
(Schneide 4 | A=270.000)
G0 A270.000
G1 Z-5.0 F200.0
G1 X-3.83 F200.0
G0 Z5.0
G0 X1.17
(Pass 119 at X 1.18)
G0 X1.18 Z5.0
(Schneide 1 | A=0.000)
G0 A0.000
G1 Z-5.0 F200.0
G1 X-3.8200000000000003 F200.0
G0 Z5.0
G0 X1.18
(Schneide 2 | A=90.000)
G0 A90.000
G1 Z-5.0 F200.0
G1 X-3.8200000000000003 F200.0
G0 Z5.0
G0 X1.18
(Schneide 3 | A=180.000)
G0 A180.000
G1 Z-5.0 F200.0
G1 X-3.8200000000000003 F200.0
G0 Z5.0
G0 X1.18
(Schneide 4 | A=270.000)
G0 A270.000
G1 Z-5.0 F200.0
G1 X-3.8200000000000003 F200.0
G0 Z5.0
G0 X1.18
(Pass 120 at X 1.19)
G0 X1.19 Z5.0
(Schneide 1 | A=0.000)
G0 A0.000
G1 Z-5.0 F200.0
G1 X-3.81 F200.0
G0 Z5.0
G0 X1.19
(Schneide 2 | A=90.000)
G0 A90.000
G1 Z-5.0 F200.0
G1 X-3.81 F200.0
G0 Z5.0
G0 X1.19
(Schneide 3 | A=180.000)
G0 A180.000
G1 Z-5.0 F200.0
G1 X-3.81 F200.0
G0 Z5.0
G0 X1.19
(Schneide 4 | A=270.000)
G0 A270.000
G1 Z-5.0 F200.0
G1 X-3.81 F200.0
G0 Z5.0
G0 X1.19
(Pass 121 at X 1.2)
G0 X1.2 Z5.0
(Schneide 1 | A=0.000)
G0 A0.000
G1 Z-5.0 F200.0
G1 X-3.8 F200.0
G0 Z5.0
G0 X1.2
(Schneide 2 | A=90.000)
G0 A90.000
G1 Z-5.0 F200.0
G1 X-3.8 F200.0
G0 Z5.0
G0 X1.2
(Schneide 3 | A=180.000)
G0 A180.000
G1 Z-5.0 F200.0
G1 X-3.8 F200.0
G0 Z5.0
G0 X1.2
(Schneide 4 | A=270.000)
G0 A270.000
G1 Z-5.0 F200.0
G1 X-3.8 F200.0
G0 Z5.0
G0 X1.2
(Pass 122 at X 1.21)
G0 X1.21 Z5.0
(Schneide 1 | A=0.000)
G0 A0.000
G1 Z-5.0 F200.0
G1 X-3.79 F200.0
G0 Z5.0
G0 X1.21
(Schneide 2 | A=90.000)
G0 A90.000
G1 Z-5.0 F200.0
G1 X-3.79 F200.0
G0 Z5.0
G0 X1.21
(Schneide 3 | A=180.000)
G0 A180.000
G1 Z-5.0 F200.0
G1 X-3.79 F200.0
G0 Z5.0
G0 X1.21
(Schneide 4 | A=270.000)
G0 A270.000
G1 Z-5.0 F200.0
G1 X-3.79 F200.0
G0 Z5.0
G0 X1.21
(Pass 123 at X 1.22)
G0 X1.22 Z5.0
(Schneide 1 | A=0.000)
G0 A0.000
G1 Z-5.0 F200.0
G1 X-3.7800000000000002 F200.0
G0 Z5.0
G0 X1.22
(Schneide 2 | A=90.000)
G0 A90.000
G1 Z-5.0 F200.0
G1 X-3.7800000000000002 F200.0
G0 Z5.0
G0 X1.22
(Schneide 3 | A=180.000)
G0 A180.000
G1 Z-5.0 F200.0
G1 X-3.7800000000000002 F200.0
G0 Z5.0
G0 X1.22
(Schneide 4 | A=270.000)
G0 A270.000
G1 Z-5.0 F200.0
G1 X-3.7800000000000002 F200.0
G0 Z5.0
G0 X1.22
(Pass 124 at X 1.23)
G0 X1.23 Z5.0
(Schneide 1 | A=0.000)
G0 A0.000
G1 Z-5.0 F200.0
G1 X-3.77 F200.0
G0 Z5.0
G0 X1.23
(Schneide 2 | A=90.000)
G0 A90.000
G1 Z-5.0 F200.0
G1 X-3.77 F200.0
G0 Z5.0
G0 X1.23
(Schneide 3 | A=180.000)
G0 A180.000
G1 Z-5.0 F200.0
G1 X-3.77 F200.0
G0 Z5.0
G0 X1.23
(Schneide 4 | A=270.000)
G0 A270.000
G1 Z-5.0 F200.0
G1 X-3.77 F200.0
G0 Z5.0
G0 X1.23
(Pass 125 at X 1.24)
G0 X1.24 Z5.0
(Schneide 1 | A=0.000)
G0 A0.000
G1 Z-5.0 F200.0
G1 X-3.76 F200.0
G0 Z5.0
G0 X1.24
(Schneide 2 | A=90.000)
G0 A90.000
G1 Z-5.0 F200.0
G1 X-3.76 F200.0
G0 Z5.0
G0 X1.24
(Schneide 3 | A=180.000)
G0 A180.000
G1 Z-5.0 F200.0
G1 X-3.76 F200.0
G0 Z5.0
G0 X1.24
(Schneide 4 | A=270.000)
G0 A270.000
G1 Z-5.0 F200.0
G1 X-3.76 F200.0
G0 Z5.0
G0 X1.24
(Pass 126 at X 1.25)
G0 X1.25 Z5.0
(Schneide 1 | A=0.000)
G0 A0.000
G1 Z-5.0 F200.0
G1 X-3.75 F200.0
G0 Z5.0
G0 X1.25
(Schneide 2 | A=90.000)
G0 A90.000
G1 Z-5.0 F200.0
G1 X-3.75 F200.0
G0 Z5.0
G0 X1.25
(Schneide 3 | A=180.000)
G0 A180.000
G1 Z-5.0 F200.0
G1 X-3.75 F200.0
G0 Z5.0
G0 X1.25
(Schneide 4 | A=270.000)
G0 A270.000
G1 Z-5.0 F200.0
G1 X-3.75 F200.0
G0 Z5.0
G0 X1.25
(Pass 127 at X 1.26)
G0 X1.26 Z5.0
(Schneide 1 | A=0.000)
G0 A0.000
G1 Z-5.0 F200.0
G1 X-3.74 F200.0
G0 Z5.0
G0 X1.26
(Schneide 2 | A=90.000)
G0 A90.000
G1 Z-5.0 F200.0
G1 X-3.74 F200.0
G0 Z5.0
G0 X1.26
(Schneide 3 | A=180.000)
G0 A180.000
G1 Z-5.0 F200.0
G1 X-3.74 F200.0
G0 Z5.0
G0 X1.26
(Schneide 4 | A=270.000)
G0 A270.000
G1 Z-5.0 F200.0
G1 X-3.74 F200.0
G0 Z5.0
G0 X1.26
(Pass 128 at X 1.27)
G0 X1.27 Z5.0
(Schneide 1 | A=0.000)
G0 A0.000
G1 Z-5.0 F200.0
G1 X-3.73 F200.0
G0 Z5.0
G0 X1.27
(Schneide 2 | A=90.000)
G0 A90.000
G1 Z-5.0 F200.0
G1 X-3.73 F200.0
G0 Z5.0
G0 X1.27
(Schneide 3 | A=180.000)
G0 A180.000
G1 Z-5.0 F200.0
G1 X-3.73 F200.0
G0 Z5.0
G0 X1.27
(Schneide 4 | A=270.000)
G0 A270.000
G1 Z-5.0 F200.0
G1 X-3.73 F200.0
G0 Z5.0
G0 X1.27
(Pass 129 at X 1.28)
G0 X1.28 Z5.0
(Schneide 1 | A=0.000)
G0 A0.000
G1 Z-5.0 F200.0
G1 X-3.7199999999999998 F200.0
G0 Z5.0
G0 X1.28
(Schneide 2 | A=90.000)
G0 A90.000
G1 Z-5.0 F200.0
G1 X-3.7199999999999998 F200.0
G0 Z5.0
G0 X1.28
(Schneide 3 | A=180.000)
G0 A180.000
G1 Z-5.0 F200.0
G1 X-3.7199999999999998 F200.0
G0 Z5.0
G0 X1.28
(Schneide 4 | A=270.000)
G0 A270.000
G1 Z-5.0 F200.0
G1 X-3.7199999999999998 F200.0
G0 Z5.0
G0 X1.28
(Pass 130 at X 1.29)
G0 X1.29 Z5.0
(Schneide 1 | A=0.000)
G0 A0.000
G1 Z-5.0 F200.0
G1 X-3.71 F200.0
G0 Z5.0
G0 X1.29
(Schneide 2 | A=90.000)
G0 A90.000
G1 Z-5.0 F200.0
G1 X-3.71 F200.0
G0 Z5.0
G0 X1.29
(Schneide 3 | A=180.000)
G0 A180.000
G1 Z-5.0 F200.0
G1 X-3.71 F200.0
G0 Z5.0
G0 X1.29
(Schneide 4 | A=270.000)
G0 A270.000
G1 Z-5.0 F200.0
G1 X-3.71 F200.0
G0 Z5.0
G0 X1.29
(Pass 131 at X 1.3)
G0 X1.3 Z5.0
(Schneide 1 | A=0.000)
G0 A0.000
G1 Z-5.0 F200.0
G1 X-3.7 F200.0
G0 Z5.0
G0 X1.3
(Schneide 2 | A=90.000)
G0 A90.000
G1 Z-5.0 F200.0
G1 X-3.7 F200.0
G0 Z5.0
G0 X1.3
(Schneide 3 | A=180.000)
G0 A180.000
G1 Z-5.0 F200.0
G1 X-3.7 F200.0
G0 Z5.0
G0 X1.3
(Schneide 4 | A=270.000)
G0 A270.000
G1 Z-5.0 F200.0
G1 X-3.7 F200.0
G0 Z5.0
G0 X1.3
(Pass 132 at X 1.31)
G0 X1.31 Z5.0
(Schneide 1 | A=0.000)
G0 A0.000
G1 Z-5.0 F200.0
G1 X-3.69 F200.0
G0 Z5.0
G0 X1.31
(Schneide 2 | A=90.000)
G0 A90.000
G1 Z-5.0 F200.0
G1 X-3.69 F200.0
G0 Z5.0
G0 X1.31
(Schneide 3 | A=180.000)
G0 A180.000
G1 Z-5.0 F200.0
G1 X-3.69 F200.0
G0 Z5.0
G0 X1.31
(Schneide 4 | A=270.000)
G0 A270.000
G1 Z-5.0 F200.0
G1 X-3.69 F200.0
G0 Z5.0
G0 X1.31
(Pass 133 at X 1.32)
G0 X1.32 Z5.0
(Schneide 1 | A=0.000)
G0 A0.000
G1 Z-5.0 F200.0
G1 X-3.6799999999999997 F200.0
G0 Z5.0
G0 X1.32
(Schneide 2 | A=90.000)
G0 A90.000
G1 Z-5.0 F200.0
G1 X-3.6799999999999997 F200.0
G0 Z5.0
G0 X1.32
(Schneide 3 | A=180.000)
G0 A180.000
G1 Z-5.0 F200.0
G1 X-3.6799999999999997 F200.0
G0 Z5.0
G0 X1.32
(Schneide 4 | A=270.000)
G0 A270.000
G1 Z-5.0 F200.0
G1 X-3.6799999999999997 F200.0
G0 Z5.0
G0 X1.32
(Pass 134 at X 1.33)
G0 X1.33 Z5.0
(Schneide 1 | A=0.000)
G0 A0.000
G1 Z-5.0 F200.0
G1 X-3.67 F200.0
G0 Z5.0
G0 X1.33
(Schneide 2 | A=90.000)
G0 A90.000
G1 Z-5.0 F200.0
G1 X-3.67 F200.0
G0 Z5.0
G0 X1.33
(Schneide 3 | A=180.000)
G0 A180.000
G1 Z-5.0 F200.0
G1 X-3.67 F200.0
G0 Z5.0
G0 X1.33
(Schneide 4 | A=270.000)
G0 A270.000
G1 Z-5.0 F200.0
G1 X-3.67 F200.0
G0 Z5.0
G0 X1.33
(Pass 135 at X 1.34)
G0 X1.34 Z5.0
(Schneide 1 | A=0.000)
G0 A0.000
G1 Z-5.0 F200.0
G1 X-3.66 F200.0
G0 Z5.0
G0 X1.34
(Schneide 2 | A=90.000)
G0 A90.000
G1 Z-5.0 F200.0
G1 X-3.66 F200.0
G0 Z5.0
G0 X1.34
(Schneide 3 | A=180.000)
G0 A180.000
G1 Z-5.0 F200.0
G1 X-3.66 F200.0
G0 Z5.0
G0 X1.34
(Schneide 4 | A=270.000)
G0 A270.000
G1 Z-5.0 F200.0
G1 X-3.66 F200.0
G0 Z5.0
G0 X1.34
(Pass 136 at X 1.35)
G0 X1.35 Z5.0
(Schneide 1 | A=0.000)
G0 A0.000
G1 Z-5.0 F200.0
G1 X-3.65 F200.0
G0 Z5.0
G0 X1.35
(Schneide 2 | A=90.000)
G0 A90.000
G1 Z-5.0 F200.0
G1 X-3.65 F200.0
G0 Z5.0
G0 X1.35
(Schneide 3 | A=180.000)
G0 A180.000
G1 Z-5.0 F200.0
G1 X-3.65 F200.0
G0 Z5.0
G0 X1.35
(Schneide 4 | A=270.000)
G0 A270.000
G1 Z-5.0 F200.0
G1 X-3.65 F200.0
G0 Z5.0
G0 X1.35
(Pass 137 at X 1.36)
G0 X1.36 Z5.0
(Schneide 1 | A=0.000)
G0 A0.000
G1 Z-5.0 F200.0
G1 X-3.6399999999999997 F200.0
G0 Z5.0
G0 X1.36
(Schneide 2 | A=90.000)
G0 A90.000
G1 Z-5.0 F200.0
G1 X-3.6399999999999997 F200.0
G0 Z5.0
G0 X1.36
(Schneide 3 | A=180.000)
G0 A180.000
G1 Z-5.0 F200.0
G1 X-3.6399999999999997 F200.0
G0 Z5.0
G0 X1.36
(Schneide 4 | A=270.000)
G0 A270.000
G1 Z-5.0 F200.0
G1 X-3.6399999999999997 F200.0
G0 Z5.0
G0 X1.36
(Pass 138 at X 1.37)
G0 X1.37 Z5.0
(Schneide 1 | A=0.000)
G0 A0.000
G1 Z-5.0 F200.0
G1 X-3.63 F200.0
G0 Z5.0
G0 X1.37
(Schneide 2 | A=90.000)
G0 A90.000
G1 Z-5.0 F200.0
G1 X-3.63 F200.0
G0 Z5.0
G0 X1.37
(Schneide 3 | A=180.000)
G0 A180.000
G1 Z-5.0 F200.0
G1 X-3.63 F200.0
G0 Z5.0
G0 X1.37
(Schneide 4 | A=270.000)
G0 A270.000
G1 Z-5.0 F200.0
G1 X-3.63 F200.0
G0 Z5.0
G0 X1.37
(Pass 139 at X 1.3800000000000001)
G0 X1.3800000000000001 Z5.0
(Schneide 1 | A=0.000)
G0 A0.000
G1 Z-5.0 F200.0
G1 X-3.62 F200.0
G0 Z5.0
G0 X1.3800000000000001
(Schneide 2 | A=90.000)
G0 A90.000
G1 Z-5.0 F200.0
G1 X-3.62 F200.0
G0 Z5.0
G0 X1.3800000000000001
(Schneide 3 | A=180.000)
G0 A180.000
G1 Z-5.0 F200.0
G1 X-3.62 F200.0
G0 Z5.0
G0 X1.3800000000000001
(Schneide 4 | A=270.000)
G0 A270.000
G1 Z-5.0 F200.0
G1 X-3.62 F200.0
G0 Z5.0
G0 X1.3800000000000001
(Pass 140 at X 1.3900000000000001)
G0 X1.3900000000000001 Z5.0
(Schneide 1 | A=0.000)
G0 A0.000
G1 Z-5.0 F200.0
G1 X-3.61 F200.0
G0 Z5.0
G0 X1.3900000000000001
(Schneide 2 | A=90.000)
G0 A90.000
G1 Z-5.0 F200.0
G1 X-3.61 F200.0
G0 Z5.0
G0 X1.3900000000000001
(Schneide 3 | A=180.000)
G0 A180.000
G1 Z-5.0 F200.0
G1 X-3.61 F200.0
G0 Z5.0
G0 X1.3900000000000001
(Schneide 4 | A=270.000)
G0 A270.000
G1 Z-5.0 F200.0
G1 X-3.61 F200.0
G0 Z5.0
G0 X1.3900000000000001
(Pass 141 at X 1.4000000000000001)
G0 X1.4000000000000001 Z5.0
(Schneide 1 | A=0.000)
G0 A0.000
G1 Z-5.0 F200.0
G1 X-3.5999999999999996 F200.0
G0 Z5.0
G0 X1.4000000000000001
(Schneide 2 | A=90.000)
G0 A90.000
G1 Z-5.0 F200.0
G1 X-3.5999999999999996 F200.0
G0 Z5.0
G0 X1.4000000000000001
(Schneide 3 | A=180.000)
G0 A180.000
G1 Z-5.0 F200.0
G1 X-3.5999999999999996 F200.0
G0 Z5.0
G0 X1.4000000000000001
(Schneide 4 | A=270.000)
G0 A270.000
G1 Z-5.0 F200.0
G1 X-3.5999999999999996 F200.0
G0 Z5.0
G0 X1.4000000000000001
(Pass 142 at X 1.41)
G0 X1.41 Z5.0
(Schneide 1 | A=0.000)
G0 A0.000
G1 Z-5.0 F200.0
G1 X-3.59 F200.0
G0 Z5.0
G0 X1.41
(Schneide 2 | A=90.000)
G0 A90.000
G1 Z-5.0 F200.0
G1 X-3.59 F200.0
G0 Z5.0
G0 X1.41
(Schneide 3 | A=180.000)
G0 A180.000
G1 Z-5.0 F200.0
G1 X-3.59 F200.0
G0 Z5.0
G0 X1.41
(Schneide 4 | A=270.000)
G0 A270.000
G1 Z-5.0 F200.0
G1 X-3.59 F200.0
G0 Z5.0
G0 X1.41
(Pass 143 at X 1.42)
G0 X1.42 Z5.0
(Schneide 1 | A=0.000)
G0 A0.000
G1 Z-5.0 F200.0
G1 X-3.58 F200.0
G0 Z5.0
G0 X1.42
(Schneide 2 | A=90.000)
G0 A90.000
G1 Z-5.0 F200.0
G1 X-3.58 F200.0
G0 Z5.0
G0 X1.42
(Schneide 3 | A=180.000)
G0 A180.000
G1 Z-5.0 F200.0
G1 X-3.58 F200.0
G0 Z5.0
G0 X1.42
(Schneide 4 | A=270.000)
G0 A270.000
G1 Z-5.0 F200.0
G1 X-3.58 F200.0
G0 Z5.0
G0 X1.42
(Pass 144 at X 1.43)
G0 X1.43 Z5.0
(Schneide 1 | A=0.000)
G0 A0.000
G1 Z-5.0 F200.0
G1 X-3.5700000000000003 F200.0
G0 Z5.0
G0 X1.43
(Schneide 2 | A=90.000)
G0 A90.000
G1 Z-5.0 F200.0
G1 X-3.5700000000000003 F200.0
G0 Z5.0
G0 X1.43
(Schneide 3 | A=180.000)
G0 A180.000
G1 Z-5.0 F200.0
G1 X-3.5700000000000003 F200.0
G0 Z5.0
G0 X1.43
(Schneide 4 | A=270.000)
G0 A270.000
G1 Z-5.0 F200.0
G1 X-3.5700000000000003 F200.0
G0 Z5.0
G0 X1.43
(Pass 145 at X 1.44)
G0 X1.44 Z5.0
(Schneide 1 | A=0.000)
G0 A0.000
G1 Z-5.0 F200.0
G1 X-3.56 F200.0
G0 Z5.0
G0 X1.44
(Schneide 2 | A=90.000)
G0 A90.000
G1 Z-5.0 F200.0
G1 X-3.56 F200.0
G0 Z5.0
G0 X1.44
(Schneide 3 | A=180.000)
G0 A180.000
G1 Z-5.0 F200.0
G1 X-3.56 F200.0
G0 Z5.0
G0 X1.44
(Schneide 4 | A=270.000)
G0 A270.000
G1 Z-5.0 F200.0
G1 X-3.56 F200.0
G0 Z5.0
G0 X1.44
(Pass 146 at X 1.45)
G0 X1.45 Z5.0
(Schneide 1 | A=0.000)
G0 A0.000
G1 Z-5.0 F200.0
G1 X-3.55 F200.0
G0 Z5.0
G0 X1.45
(Schneide 2 | A=90.000)
G0 A90.000
G1 Z-5.0 F200.0
G1 X-3.55 F200.0
G0 Z5.0
G0 X1.45
(Schneide 3 | A=180.000)
G0 A180.000
G1 Z-5.0 F200.0
G1 X-3.55 F200.0
G0 Z5.0
G0 X1.45
(Schneide 4 | A=270.000)
G0 A270.000
G1 Z-5.0 F200.0
G1 X-3.55 F200.0
G0 Z5.0
G0 X1.45
(Pass 147 at X 1.46)
G0 X1.46 Z5.0
(Schneide 1 | A=0.000)
G0 A0.000
G1 Z-5.0 F200.0
G1 X-3.54 F200.0
G0 Z5.0
G0 X1.46
(Schneide 2 | A=90.000)
G0 A90.000
G1 Z-5.0 F200.0
G1 X-3.54 F200.0
G0 Z5.0
G0 X1.46
(Schneide 3 | A=180.000)
G0 A180.000
G1 Z-5.0 F200.0
G1 X-3.54 F200.0
G0 Z5.0
G0 X1.46
(Schneide 4 | A=270.000)
G0 A270.000
G1 Z-5.0 F200.0
G1 X-3.54 F200.0
G0 Z5.0
G0 X1.46
(Pass 148 at X 1.47)
G0 X1.47 Z5.0
(Schneide 1 | A=0.000)
G0 A0.000
G1 Z-5.0 F200.0
G1 X-3.5300000000000002 F200.0
G0 Z5.0
G0 X1.47
(Schneide 2 | A=90.000)
G0 A90.000
G1 Z-5.0 F200.0
G1 X-3.5300000000000002 F200.0
G0 Z5.0
G0 X1.47
(Schneide 3 | A=180.000)
G0 A180.000
G1 Z-5.0 F200.0
G1 X-3.5300000000000002 F200.0
G0 Z5.0
G0 X1.47
(Schneide 4 | A=270.000)
G0 A270.000
G1 Z-5.0 F200.0
G1 X-3.5300000000000002 F200.0
G0 Z5.0
G0 X1.47
(Pass 149 at X 1.48)
G0 X1.48 Z5.0
(Schneide 1 | A=0.000)
G0 A0.000
G1 Z-5.0 F200.0
G1 X-3.52 F200.0
G0 Z5.0
G0 X1.48
(Schneide 2 | A=90.000)
G0 A90.000
G1 Z-5.0 F200.0
G1 X-3.52 F200.0
G0 Z5.0
G0 X1.48
(Schneide 3 | A=180.000)
G0 A180.000
G1 Z-5.0 F200.0
G1 X-3.52 F200.0
G0 Z5.0
G0 X1.48
(Schneide 4 | A=270.000)
G0 A270.000
G1 Z-5.0 F200.0
G1 X-3.52 F200.0
G0 Z5.0
G0 X1.48
(Pass 150 at X 1.49)
G0 X1.49 Z5.0
(Schneide 1 | A=0.000)
G0 A0.000
G1 Z-5.0 F200.0
G1 X-3.51 F200.0
G0 Z5.0
G0 X1.49
(Schneide 2 | A=90.000)
G0 A90.000
G1 Z-5.0 F200.0
G1 X-3.51 F200.0
G0 Z5.0
G0 X1.49
(Schneide 3 | A=180.000)
G0 A180.000
G1 Z-5.0 F200.0
G1 X-3.51 F200.0
G0 Z5.0
G0 X1.49
(Schneide 4 | A=270.000)
G0 A270.000
G1 Z-5.0 F200.0
G1 X-3.51 F200.0
G0 Z5.0
G0 X1.49
(Pass 151 at X 1.5)
G0 X1.5 Z5.0
(Schneide 1 | A=0.000)
G0 A0.000
G1 Z-5.0 F200.0
G1 X-3.5 F200.0
G0 Z5.0
G0 X1.5
(Schneide 2 | A=90.000)
G0 A90.000
G1 Z-5.0 F200.0
G1 X-3.5 F200.0
G0 Z5.0
G0 X1.5
(Schneide 3 | A=180.000)
G0 A180.000
G1 Z-5.0 F200.0
G1 X-3.5 F200.0
G0 Z5.0
G0 X1.5
(Schneide 4 | A=270.000)
G0 A270.000
G1 Z-5.0 F200.0
G1 X-3.5 F200.0
G0 Z5.0
G0 X1.5
(Pass 152 at X 1.51)
G0 X1.51 Z5.0
(Schneide 1 | A=0.000)
G0 A0.000
G1 Z-5.0 F200.0
G1 X-3.49 F200.0
G0 Z5.0
G0 X1.51
(Schneide 2 | A=90.000)
G0 A90.000
G1 Z-5.0 F200.0
G1 X-3.49 F200.0
G0 Z5.0
G0 X1.51
(Schneide 3 | A=180.000)
G0 A180.000
G1 Z-5.0 F200.0
G1 X-3.49 F200.0
G0 Z5.0
G0 X1.51
(Schneide 4 | A=270.000)
G0 A270.000
G1 Z-5.0 F200.0
G1 X-3.49 F200.0
G0 Z5.0
G0 X1.51
(Pass 153 at X 1.52)
G0 X1.52 Z5.0
(Schneide 1 | A=0.000)
G0 A0.000
G1 Z-5.0 F200.0
G1 X-3.48 F200.0
G0 Z5.0
G0 X1.52
(Schneide 2 | A=90.000)
G0 A90.000
G1 Z-5.0 F200.0
G1 X-3.48 F200.0
G0 Z5.0
G0 X1.52
(Schneide 3 | A=180.000)
G0 A180.000
G1 Z-5.0 F200.0
G1 X-3.48 F200.0
G0 Z5.0
G0 X1.52
(Schneide 4 | A=270.000)
G0 A270.000
G1 Z-5.0 F200.0
G1 X-3.48 F200.0
G0 Z5.0
G0 X1.52
(Pass 154 at X 1.53)
G0 X1.53 Z5.0
(Schneide 1 | A=0.000)
G0 A0.000
G1 Z-5.0 F200.0
G1 X-3.4699999999999998 F200.0
G0 Z5.0
G0 X1.53
(Schneide 2 | A=90.000)
G0 A90.000
G1 Z-5.0 F200.0
G1 X-3.4699999999999998 F200.0
G0 Z5.0
G0 X1.53
(Schneide 3 | A=180.000)
G0 A180.000
G1 Z-5.0 F200.0
G1 X-3.4699999999999998 F200.0
G0 Z5.0
G0 X1.53
(Schneide 4 | A=270.000)
G0 A270.000
G1 Z-5.0 F200.0
G1 X-3.4699999999999998 F200.0
G0 Z5.0
G0 X1.53
(Pass 155 at X 1.54)
G0 X1.54 Z5.0
(Schneide 1 | A=0.000)
G0 A0.000
G1 Z-5.0 F200.0
G1 X-3.46 F200.0
G0 Z5.0
G0 X1.54
(Schneide 2 | A=90.000)
G0 A90.000
G1 Z-5.0 F200.0
G1 X-3.46 F200.0
G0 Z5.0
G0 X1.54
(Schneide 3 | A=180.000)
G0 A180.000
G1 Z-5.0 F200.0
G1 X-3.46 F200.0
G0 Z5.0
G0 X1.54
(Schneide 4 | A=270.000)
G0 A270.000
G1 Z-5.0 F200.0
G1 X-3.46 F200.0
G0 Z5.0
G0 X1.54
(Pass 156 at X 1.55)
G0 X1.55 Z5.0
(Schneide 1 | A=0.000)
G0 A0.000
G1 Z-5.0 F200.0
G1 X-3.45 F200.0
G0 Z5.0
G0 X1.55
(Schneide 2 | A=90.000)
G0 A90.000
G1 Z-5.0 F200.0
G1 X-3.45 F200.0
G0 Z5.0
G0 X1.55
(Schneide 3 | A=180.000)
G0 A180.000
G1 Z-5.0 F200.0
G1 X-3.45 F200.0
G0 Z5.0
G0 X1.55
(Schneide 4 | A=270.000)
G0 A270.000
G1 Z-5.0 F200.0
G1 X-3.45 F200.0
G0 Z5.0
G0 X1.55
(Pass 157 at X 1.56)
G0 X1.56 Z5.0
(Schneide 1 | A=0.000)
G0 A0.000
G1 Z-5.0 F200.0
G1 X-3.44 F200.0
G0 Z5.0
G0 X1.56
(Schneide 2 | A=90.000)
G0 A90.000
G1 Z-5.0 F200.0
G1 X-3.44 F200.0
G0 Z5.0
G0 X1.56
(Schneide 3 | A=180.000)
G0 A180.000
G1 Z-5.0 F200.0
G1 X-3.44 F200.0
G0 Z5.0
G0 X1.56
(Schneide 4 | A=270.000)
G0 A270.000
G1 Z-5.0 F200.0
G1 X-3.44 F200.0
G0 Z5.0
G0 X1.56
(Pass 158 at X 1.57)
G0 X1.57 Z5.0
(Schneide 1 | A=0.000)
G0 A0.000
G1 Z-5.0 F200.0
G1 X-3.4299999999999997 F200.0
G0 Z5.0
G0 X1.57
(Schneide 2 | A=90.000)
G0 A90.000
G1 Z-5.0 F200.0
G1 X-3.4299999999999997 F200.0
G0 Z5.0
G0 X1.57
(Schneide 3 | A=180.000)
G0 A180.000
G1 Z-5.0 F200.0
G1 X-3.4299999999999997 F200.0
G0 Z5.0
G0 X1.57
(Schneide 4 | A=270.000)
G0 A270.000
G1 Z-5.0 F200.0
G1 X-3.4299999999999997 F200.0
G0 Z5.0
G0 X1.57
(Pass 159 at X 1.58)
G0 X1.58 Z5.0
(Schneide 1 | A=0.000)
G0 A0.000
G1 Z-5.0 F200.0
G1 X-3.42 F200.0
G0 Z5.0
G0 X1.58
(Schneide 2 | A=90.000)
G0 A90.000
G1 Z-5.0 F200.0
G1 X-3.42 F200.0
G0 Z5.0
G0 X1.58
(Schneide 3 | A=180.000)
G0 A180.000
G1 Z-5.0 F200.0
G1 X-3.42 F200.0
G0 Z5.0
G0 X1.58
(Schneide 4 | A=270.000)
G0 A270.000
G1 Z-5.0 F200.0
G1 X-3.42 F200.0
G0 Z5.0
G0 X1.58
(Pass 160 at X 1.59)
G0 X1.59 Z5.0
(Schneide 1 | A=0.000)
G0 A0.000
G1 Z-5.0 F200.0
G1 X-3.41 F200.0
G0 Z5.0
G0 X1.59
(Schneide 2 | A=90.000)
G0 A90.000
G1 Z-5.0 F200.0
G1 X-3.41 F200.0
G0 Z5.0
G0 X1.59
(Schneide 3 | A=180.000)
G0 A180.000
G1 Z-5.0 F200.0
G1 X-3.41 F200.0
G0 Z5.0
G0 X1.59
(Schneide 4 | A=270.000)
G0 A270.000
G1 Z-5.0 F200.0
G1 X-3.41 F200.0
G0 Z5.0
G0 X1.59
(Pass 161 at X 1.6)
G0 X1.6 Z5.0
(Schneide 1 | A=0.000)
G0 A0.000
G1 Z-5.0 F200.0
G1 X-3.4 F200.0
G0 Z5.0
G0 X1.6
(Schneide 2 | A=90.000)
G0 A90.000
G1 Z-5.0 F200.0
G1 X-3.4 F200.0
G0 Z5.0
G0 X1.6
(Schneide 3 | A=180.000)
G0 A180.000
G1 Z-5.0 F200.0
G1 X-3.4 F200.0
G0 Z5.0
G0 X1.6
(Schneide 4 | A=270.000)
G0 A270.000
G1 Z-5.0 F200.0
G1 X-3.4 F200.0
G0 Z5.0
G0 X1.6
(Pass 162 at X 1.61)
G0 X1.61 Z5.0
(Schneide 1 | A=0.000)
G0 A0.000
G1 Z-5.0 F200.0
G1 X-3.3899999999999997 F200.0
G0 Z5.0
G0 X1.61
(Schneide 2 | A=90.000)
G0 A90.000
G1 Z-5.0 F200.0
G1 X-3.3899999999999997 F200.0
G0 Z5.0
G0 X1.61
(Schneide 3 | A=180.000)
G0 A180.000
G1 Z-5.0 F200.0
G1 X-3.3899999999999997 F200.0
G0 Z5.0
G0 X1.61
(Schneide 4 | A=270.000)
G0 A270.000
G1 Z-5.0 F200.0
G1 X-3.3899999999999997 F200.0
G0 Z5.0
G0 X1.61
(Pass 163 at X 1.62)
G0 X1.62 Z5.0
(Schneide 1 | A=0.000)
G0 A0.000
G1 Z-5.0 F200.0
G1 X-3.38 F200.0
G0 Z5.0
G0 X1.62
(Schneide 2 | A=90.000)
G0 A90.000
G1 Z-5.0 F200.0
G1 X-3.38 F200.0
G0 Z5.0
G0 X1.62
(Schneide 3 | A=180.000)
G0 A180.000
G1 Z-5.0 F200.0
G1 X-3.38 F200.0
G0 Z5.0
G0 X1.62
(Schneide 4 | A=270.000)
G0 A270.000
G1 Z-5.0 F200.0
G1 X-3.38 F200.0
G0 Z5.0
G0 X1.62
(Pass 164 at X 1.6300000000000001)
G0 X1.6300000000000001 Z5.0
(Schneide 1 | A=0.000)
G0 A0.000
G1 Z-5.0 F200.0
G1 X-3.37 F200.0
G0 Z5.0
G0 X1.6300000000000001
(Schneide 2 | A=90.000)
G0 A90.000
G1 Z-5.0 F200.0
G1 X-3.37 F200.0
G0 Z5.0
G0 X1.6300000000000001
(Schneide 3 | A=180.000)
G0 A180.000
G1 Z-5.0 F200.0
G1 X-3.37 F200.0
G0 Z5.0
G0 X1.6300000000000001
(Schneide 4 | A=270.000)
G0 A270.000
G1 Z-5.0 F200.0
G1 X-3.37 F200.0
G0 Z5.0
G0 X1.6300000000000001
(Pass 165 at X 1.6400000000000001)
G0 X1.6400000000000001 Z5.0
(Schneide 1 | A=0.000)
G0 A0.000
G1 Z-5.0 F200.0
G1 X-3.36 F200.0
G0 Z5.0
G0 X1.6400000000000001
(Schneide 2 | A=90.000)
G0 A90.000
G1 Z-5.0 F200.0
G1 X-3.36 F200.0
G0 Z5.0
G0 X1.6400000000000001
(Schneide 3 | A=180.000)
G0 A180.000
G1 Z-5.0 F200.0
G1 X-3.36 F200.0
G0 Z5.0
G0 X1.6400000000000001
(Schneide 4 | A=270.000)
G0 A270.000
G1 Z-5.0 F200.0
G1 X-3.36 F200.0
G0 Z5.0
G0 X1.6400000000000001
(Pass 166 at X 1.6500000000000001)
G0 X1.6500000000000001 Z5.0
(Schneide 1 | A=0.000)
G0 A0.000
G1 Z-5.0 F200.0
G1 X-3.3499999999999996 F200.0
G0 Z5.0
G0 X1.6500000000000001
(Schneide 2 | A=90.000)
G0 A90.000
G1 Z-5.0 F200.0
G1 X-3.3499999999999996 F200.0
G0 Z5.0
G0 X1.6500000000000001
(Schneide 3 | A=180.000)
G0 A180.000
G1 Z-5.0 F200.0
G1 X-3.3499999999999996 F200.0
G0 Z5.0
G0 X1.6500000000000001
(Schneide 4 | A=270.000)
G0 A270.000
G1 Z-5.0 F200.0
G1 X-3.3499999999999996 F200.0
G0 Z5.0
G0 X1.6500000000000001
(Pass 167 at X 1.6600000000000001)
G0 X1.6600000000000001 Z5.0
(Schneide 1 | A=0.000)
G0 A0.000
G1 Z-5.0 F200.0
G1 X-3.34 F200.0
G0 Z5.0
G0 X1.6600000000000001
(Schneide 2 | A=90.000)
G0 A90.000
G1 Z-5.0 F200.0
G1 X-3.34 F200.0
G0 Z5.0
G0 X1.6600000000000001
(Schneide 3 | A=180.000)
G0 A180.000
G1 Z-5.0 F200.0
G1 X-3.34 F200.0
G0 Z5.0
G0 X1.6600000000000001
(Schneide 4 | A=270.000)
G0 A270.000
G1 Z-5.0 F200.0
G1 X-3.34 F200.0
G0 Z5.0
G0 X1.6600000000000001
(Pass 168 at X 1.67)
G0 X1.67 Z5.0
(Schneide 1 | A=0.000)
G0 A0.000
G1 Z-5.0 F200.0
G1 X-3.33 F200.0
G0 Z5.0
G0 X1.67
(Schneide 2 | A=90.000)
G0 A90.000
G1 Z-5.0 F200.0
G1 X-3.33 F200.0
G0 Z5.0
G0 X1.67
(Schneide 3 | A=180.000)
G0 A180.000
G1 Z-5.0 F200.0
G1 X-3.33 F200.0
G0 Z5.0
G0 X1.67
(Schneide 4 | A=270.000)
G0 A270.000
G1 Z-5.0 F200.0
G1 X-3.33 F200.0
G0 Z5.0
G0 X1.67
(Pass 169 at X 1.68)
G0 X1.68 Z5.0
(Schneide 1 | A=0.000)
G0 A0.000
G1 Z-5.0 F200.0
G1 X-3.3200000000000003 F200.0
G0 Z5.0
G0 X1.68
(Schneide 2 | A=90.000)
G0 A90.000
G1 Z-5.0 F200.0
G1 X-3.3200000000000003 F200.0
G0 Z5.0
G0 X1.68
(Schneide 3 | A=180.000)
G0 A180.000
G1 Z-5.0 F200.0
G1 X-3.3200000000000003 F200.0
G0 Z5.0
G0 X1.68
(Schneide 4 | A=270.000)
G0 A270.000
G1 Z-5.0 F200.0
G1 X-3.3200000000000003 F200.0
G0 Z5.0
G0 X1.68
(Pass 170 at X 1.69)
G0 X1.69 Z5.0
(Schneide 1 | A=0.000)
G0 A0.000
G1 Z-5.0 F200.0
G1 X-3.31 F200.0
G0 Z5.0
G0 X1.69
(Schneide 2 | A=90.000)
G0 A90.000
G1 Z-5.0 F200.0
G1 X-3.31 F200.0
G0 Z5.0
G0 X1.69
(Schneide 3 | A=180.000)
G0 A180.000
G1 Z-5.0 F200.0
G1 X-3.31 F200.0
G0 Z5.0
G0 X1.69
(Schneide 4 | A=270.000)
G0 A270.000
G1 Z-5.0 F200.0
G1 X-3.31 F200.0
G0 Z5.0
G0 X1.69
(Pass 171 at X 1.7)
G0 X1.7 Z5.0
(Schneide 1 | A=0.000)
G0 A0.000
G1 Z-5.0 F200.0
G1 X-3.3 F200.0
G0 Z5.0
G0 X1.7
(Schneide 2 | A=90.000)
G0 A90.000
G1 Z-5.0 F200.0
G1 X-3.3 F200.0
G0 Z5.0
G0 X1.7
(Schneide 3 | A=180.000)
G0 A180.000
G1 Z-5.0 F200.0
G1 X-3.3 F200.0
G0 Z5.0
G0 X1.7
(Schneide 4 | A=270.000)
G0 A270.000
G1 Z-5.0 F200.0
G1 X-3.3 F200.0
G0 Z5.0
G0 X1.7
(Pass 172 at X 1.71)
G0 X1.71 Z5.0
(Schneide 1 | A=0.000)
G0 A0.000
G1 Z-5.0 F200.0
G1 X-3.29 F200.0
G0 Z5.0
G0 X1.71
(Schneide 2 | A=90.000)
G0 A90.000
G1 Z-5.0 F200.0
G1 X-3.29 F200.0
G0 Z5.0
G0 X1.71
(Schneide 3 | A=180.000)
G0 A180.000
G1 Z-5.0 F200.0
G1 X-3.29 F200.0
G0 Z5.0
G0 X1.71
(Schneide 4 | A=270.000)
G0 A270.000
G1 Z-5.0 F200.0
G1 X-3.29 F200.0
G0 Z5.0
G0 X1.71
(Pass 173 at X 1.72)
G0 X1.72 Z5.0
(Schneide 1 | A=0.000)
G0 A0.000
G1 Z-5.0 F200.0
G1 X-3.2800000000000002 F200.0
G0 Z5.0
G0 X1.72
(Schneide 2 | A=90.000)
G0 A90.000
G1 Z-5.0 F200.0
G1 X-3.2800000000000002 F200.0
G0 Z5.0
G0 X1.72
(Schneide 3 | A=180.000)
G0 A180.000
G1 Z-5.0 F200.0
G1 X-3.2800000000000002 F200.0
G0 Z5.0
G0 X1.72
(Schneide 4 | A=270.000)
G0 A270.000
G1 Z-5.0 F200.0
G1 X-3.2800000000000002 F200.0
G0 Z5.0
G0 X1.72
(Pass 174 at X 1.73)
G0 X1.73 Z5.0
(Schneide 1 | A=0.000)
G0 A0.000
G1 Z-5.0 F200.0
G1 X-3.27 F200.0
G0 Z5.0
G0 X1.73
(Schneide 2 | A=90.000)
G0 A90.000
G1 Z-5.0 F200.0
G1 X-3.27 F200.0
G0 Z5.0
G0 X1.73
(Schneide 3 | A=180.000)
G0 A180.000
G1 Z-5.0 F200.0
G1 X-3.27 F200.0
G0 Z5.0
G0 X1.73
(Schneide 4 | A=270.000)
G0 A270.000
G1 Z-5.0 F200.0
G1 X-3.27 F200.0
G0 Z5.0
G0 X1.73
(Pass 175 at X 1.74)
G0 X1.74 Z5.0
(Schneide 1 | A=0.000)
G0 A0.000
G1 Z-5.0 F200.0
G1 X-3.26 F200.0
G0 Z5.0
G0 X1.74
(Schneide 2 | A=90.000)
G0 A90.000
G1 Z-5.0 F200.0
G1 X-3.26 F200.0
G0 Z5.0
G0 X1.74
(Schneide 3 | A=180.000)
G0 A180.000
G1 Z-5.0 F200.0
G1 X-3.26 F200.0
G0 Z5.0
G0 X1.74
(Schneide 4 | A=270.000)
G0 A270.000
G1 Z-5.0 F200.0
G1 X-3.26 F200.0
G0 Z5.0
G0 X1.74
(Pass 176 at X 1.75)
G0 X1.75 Z5.0
(Schneide 1 | A=0.000)
G0 A0.000
G1 Z-5.0 F200.0
G1 X-3.25 F200.0
G0 Z5.0
G0 X1.75
(Schneide 2 | A=90.000)
G0 A90.000
G1 Z-5.0 F200.0
G1 X-3.25 F200.0
G0 Z5.0
G0 X1.75
(Schneide 3 | A=180.000)
G0 A180.000
G1 Z-5.0 F200.0
G1 X-3.25 F200.0
G0 Z5.0
G0 X1.75
(Schneide 4 | A=270.000)
G0 A270.000
G1 Z-5.0 F200.0
G1 X-3.25 F200.0
G0 Z5.0
G0 X1.75
(Pass 177 at X 1.76)
G0 X1.76 Z5.0
(Schneide 1 | A=0.000)
G0 A0.000
G1 Z-5.0 F200.0
G1 X-3.24 F200.0
G0 Z5.0
G0 X1.76
(Schneide 2 | A=90.000)
G0 A90.000
G1 Z-5.0 F200.0
G1 X-3.24 F200.0
G0 Z5.0
G0 X1.76
(Schneide 3 | A=180.000)
G0 A180.000
G1 Z-5.0 F200.0
G1 X-3.24 F200.0
G0 Z5.0
G0 X1.76
(Schneide 4 | A=270.000)
G0 A270.000
G1 Z-5.0 F200.0
G1 X-3.24 F200.0
G0 Z5.0
G0 X1.76
(Pass 178 at X 1.77)
G0 X1.77 Z5.0
(Schneide 1 | A=0.000)
G0 A0.000
G1 Z-5.0 F200.0
G1 X-3.23 F200.0
G0 Z5.0
G0 X1.77
(Schneide 2 | A=90.000)
G0 A90.000
G1 Z-5.0 F200.0
G1 X-3.23 F200.0
G0 Z5.0
G0 X1.77
(Schneide 3 | A=180.000)
G0 A180.000
G1 Z-5.0 F200.0
G1 X-3.23 F200.0
G0 Z5.0
G0 X1.77
(Schneide 4 | A=270.000)
G0 A270.000
G1 Z-5.0 F200.0
G1 X-3.23 F200.0
G0 Z5.0
G0 X1.77
(Pass 179 at X 1.78)
G0 X1.78 Z5.0
(Schneide 1 | A=0.000)
G0 A0.000
G1 Z-5.0 F200.0
G1 X-3.2199999999999998 F200.0
G0 Z5.0
G0 X1.78
(Schneide 2 | A=90.000)
G0 A90.000
G1 Z-5.0 F200.0
G1 X-3.2199999999999998 F200.0
G0 Z5.0
G0 X1.78
(Schneide 3 | A=180.000)
G0 A180.000
G1 Z-5.0 F200.0
G1 X-3.2199999999999998 F200.0
G0 Z5.0
G0 X1.78
(Schneide 4 | A=270.000)
G0 A270.000
G1 Z-5.0 F200.0
G1 X-3.2199999999999998 F200.0
G0 Z5.0
G0 X1.78
(Pass 180 at X 1.79)
G0 X1.79 Z5.0
(Schneide 1 | A=0.000)
G0 A0.000
G1 Z-5.0 F200.0
G1 X-3.21 F200.0
G0 Z5.0
G0 X1.79
(Schneide 2 | A=90.000)
G0 A90.000
G1 Z-5.0 F200.0
G1 X-3.21 F200.0
G0 Z5.0
G0 X1.79
(Schneide 3 | A=180.000)
G0 A180.000
G1 Z-5.0 F200.0
G1 X-3.21 F200.0
G0 Z5.0
G0 X1.79
(Schneide 4 | A=270.000)
G0 A270.000
G1 Z-5.0 F200.0
G1 X-3.21 F200.0
G0 Z5.0
G0 X1.79
(Pass 181 at X 1.8)
G0 X1.8 Z5.0
(Schneide 1 | A=0.000)
G0 A0.000
G1 Z-5.0 F200.0
G1 X-3.2 F200.0
G0 Z5.0
G0 X1.8
(Schneide 2 | A=90.000)
G0 A90.000
G1 Z-5.0 F200.0
G1 X-3.2 F200.0
G0 Z5.0
G0 X1.8
(Schneide 3 | A=180.000)
G0 A180.000
G1 Z-5.0 F200.0
G1 X-3.2 F200.0
G0 Z5.0
G0 X1.8
(Schneide 4 | A=270.000)
G0 A270.000
G1 Z-5.0 F200.0
G1 X-3.2 F200.0
G0 Z5.0
G0 X1.8
(Pass 182 at X 1.81)
G0 X1.81 Z5.0
(Schneide 1 | A=0.000)
G0 A0.000
G1 Z-5.0 F200.0
G1 X-3.19 F200.0
G0 Z5.0
G0 X1.81
(Schneide 2 | A=90.000)
G0 A90.000
G1 Z-5.0 F200.0
G1 X-3.19 F200.0
G0 Z5.0
G0 X1.81
(Schneide 3 | A=180.000)
G0 A180.000
G1 Z-5.0 F200.0
G1 X-3.19 F200.0
G0 Z5.0
G0 X1.81
(Schneide 4 | A=270.000)
G0 A270.000
G1 Z-5.0 F200.0
G1 X-3.19 F200.0
G0 Z5.0
G0 X1.81
(Pass 183 at X 1.82)
G0 X1.82 Z5.0
(Schneide 1 | A=0.000)
G0 A0.000
G1 Z-5.0 F200.0
G1 X-3.1799999999999997 F200.0
G0 Z5.0
G0 X1.82
(Schneide 2 | A=90.000)
G0 A90.000
G1 Z-5.0 F200.0
G1 X-3.1799999999999997 F200.0
G0 Z5.0
G0 X1.82
(Schneide 3 | A=180.000)
G0 A180.000
G1 Z-5.0 F200.0
G1 X-3.1799999999999997 F200.0
G0 Z5.0
G0 X1.82
(Schneide 4 | A=270.000)
G0 A270.000
G1 Z-5.0 F200.0
G1 X-3.1799999999999997 F200.0
G0 Z5.0
G0 X1.82
(Pass 184 at X 1.83)
G0 X1.83 Z5.0
(Schneide 1 | A=0.000)
G0 A0.000
G1 Z-5.0 F200.0
G1 X-3.17 F200.0
G0 Z5.0
G0 X1.83
(Schneide 2 | A=90.000)
G0 A90.000
G1 Z-5.0 F200.0
G1 X-3.17 F200.0
G0 Z5.0
G0 X1.83
(Schneide 3 | A=180.000)
G0 A180.000
G1 Z-5.0 F200.0
G1 X-3.17 F200.0
G0 Z5.0
G0 X1.83
(Schneide 4 | A=270.000)
G0 A270.000
G1 Z-5.0 F200.0
G1 X-3.17 F200.0
G0 Z5.0
G0 X1.83
(Pass 185 at X 1.84)
G0 X1.84 Z5.0
(Schneide 1 | A=0.000)
G0 A0.000
G1 Z-5.0 F200.0
G1 X-3.16 F200.0
G0 Z5.0
G0 X1.84
(Schneide 2 | A=90.000)
G0 A90.000
G1 Z-5.0 F200.0
G1 X-3.16 F200.0
G0 Z5.0
G0 X1.84
(Schneide 3 | A=180.000)
G0 A180.000
G1 Z-5.0 F200.0
G1 X-3.16 F200.0
G0 Z5.0
G0 X1.84
(Schneide 4 | A=270.000)
G0 A270.000
G1 Z-5.0 F200.0
G1 X-3.16 F200.0
G0 Z5.0
G0 X1.84
(Pass 186 at X 1.85)
G0 X1.85 Z5.0
(Schneide 1 | A=0.000)
G0 A0.000
G1 Z-5.0 F200.0
G1 X-3.15 F200.0
G0 Z5.0
G0 X1.85
(Schneide 2 | A=90.000)
G0 A90.000
G1 Z-5.0 F200.0
G1 X-3.15 F200.0
G0 Z5.0
G0 X1.85
(Schneide 3 | A=180.000)
G0 A180.000
G1 Z-5.0 F200.0
G1 X-3.15 F200.0
G0 Z5.0
G0 X1.85
(Schneide 4 | A=270.000)
G0 A270.000
G1 Z-5.0 F200.0
G1 X-3.15 F200.0
G0 Z5.0
G0 X1.85
(Pass 187 at X 1.86)
G0 X1.86 Z5.0
(Schneide 1 | A=0.000)
G0 A0.000
G1 Z-5.0 F200.0
G1 X-3.1399999999999997 F200.0
G0 Z5.0
G0 X1.86
(Schneide 2 | A=90.000)
G0 A90.000
G1 Z-5.0 F200.0
G1 X-3.1399999999999997 F200.0
G0 Z5.0
G0 X1.86
(Schneide 3 | A=180.000)
G0 A180.000
G1 Z-5.0 F200.0
G1 X-3.1399999999999997 F200.0
G0 Z5.0
G0 X1.86
(Schneide 4 | A=270.000)
G0 A270.000
G1 Z-5.0 F200.0
G1 X-3.1399999999999997 F200.0
G0 Z5.0
G0 X1.86
(Pass 188 at X 1.87)
G0 X1.87 Z5.0
(Schneide 1 | A=0.000)
G0 A0.000
G1 Z-5.0 F200.0
G1 X-3.13 F200.0
G0 Z5.0
G0 X1.87
(Schneide 2 | A=90.000)
G0 A90.000
G1 Z-5.0 F200.0
G1 X-3.13 F200.0
G0 Z5.0
G0 X1.87
(Schneide 3 | A=180.000)
G0 A180.000
G1 Z-5.0 F200.0
G1 X-3.13 F200.0
G0 Z5.0
G0 X1.87
(Schneide 4 | A=270.000)
G0 A270.000
G1 Z-5.0 F200.0
G1 X-3.13 F200.0
G0 Z5.0
G0 X1.87
(Pass 189 at X 1.8800000000000001)
G0 X1.8800000000000001 Z5.0
(Schneide 1 | A=0.000)
G0 A0.000
G1 Z-5.0 F200.0
G1 X-3.12 F200.0
G0 Z5.0
G0 X1.8800000000000001
(Schneide 2 | A=90.000)
G0 A90.000
G1 Z-5.0 F200.0
G1 X-3.12 F200.0
G0 Z5.0
G0 X1.8800000000000001
(Schneide 3 | A=180.000)
G0 A180.000
G1 Z-5.0 F200.0
G1 X-3.12 F200.0
G0 Z5.0
G0 X1.8800000000000001
(Schneide 4 | A=270.000)
G0 A270.000
G1 Z-5.0 F200.0
G1 X-3.12 F200.0
G0 Z5.0
G0 X1.8800000000000001
(Pass 190 at X 1.8900000000000001)
G0 X1.8900000000000001 Z5.0
(Schneide 1 | A=0.000)
G0 A0.000
G1 Z-5.0 F200.0
G1 X-3.11 F200.0
G0 Z5.0
G0 X1.8900000000000001
(Schneide 2 | A=90.000)
G0 A90.000
G1 Z-5.0 F200.0
G1 X-3.11 F200.0
G0 Z5.0
G0 X1.8900000000000001
(Schneide 3 | A=180.000)
G0 A180.000
G1 Z-5.0 F200.0
G1 X-3.11 F200.0
G0 Z5.0
G0 X1.8900000000000001
(Schneide 4 | A=270.000)
G0 A270.000
G1 Z-5.0 F200.0
G1 X-3.11 F200.0
G0 Z5.0
G0 X1.8900000000000001
(Pass 191 at X 1.9000000000000001)
G0 X1.9000000000000001 Z5.0
(Schneide 1 | A=0.000)
G0 A0.000
G1 Z-5.0 F200.0
G1 X-3.0999999999999996 F200.0
G0 Z5.0
G0 X1.9000000000000001
(Schneide 2 | A=90.000)
G0 A90.000
G1 Z-5.0 F200.0
G1 X-3.0999999999999996 F200.0
G0 Z5.0
G0 X1.9000000000000001
(Schneide 3 | A=180.000)
G0 A180.000
G1 Z-5.0 F200.0
G1 X-3.0999999999999996 F200.0
G0 Z5.0
G0 X1.9000000000000001
(Schneide 4 | A=270.000)
G0 A270.000
G1 Z-5.0 F200.0
G1 X-3.0999999999999996 F200.0
G0 Z5.0
G0 X1.9000000000000001
(Pass 192 at X 1.9100000000000001)
G0 X1.9100000000000001 Z5.0
(Schneide 1 | A=0.000)
G0 A0.000
G1 Z-5.0 F200.0
G1 X-3.09 F200.0
G0 Z5.0
G0 X1.9100000000000001
(Schneide 2 | A=90.000)
G0 A90.000
G1 Z-5.0 F200.0
G1 X-3.09 F200.0
G0 Z5.0
G0 X1.9100000000000001
(Schneide 3 | A=180.000)
G0 A180.000
G1 Z-5.0 F200.0
G1 X-3.09 F200.0
G0 Z5.0
G0 X1.9100000000000001
(Schneide 4 | A=270.000)
G0 A270.000
G1 Z-5.0 F200.0
G1 X-3.09 F200.0
G0 Z5.0
G0 X1.9100000000000001
(Pass 193 at X 1.92)
G0 X1.92 Z5.0
(Schneide 1 | A=0.000)
G0 A0.000
G1 Z-5.0 F200.0
G1 X-3.08 F200.0
G0 Z5.0
G0 X1.92
(Schneide 2 | A=90.000)
G0 A90.000
G1 Z-5.0 F200.0
G1 X-3.08 F200.0
G0 Z5.0
G0 X1.92
(Schneide 3 | A=180.000)
G0 A180.000
G1 Z-5.0 F200.0
G1 X-3.08 F200.0
G0 Z5.0
G0 X1.92
(Schneide 4 | A=270.000)
G0 A270.000
G1 Z-5.0 F200.0
G1 X-3.08 F200.0
G0 Z5.0
G0 X1.92
(Pass 194 at X 1.93)
G0 X1.93 Z5.0
(Schneide 1 | A=0.000)
G0 A0.000
G1 Z-5.0 F200.0
G1 X-3.0700000000000003 F200.0
G0 Z5.0
G0 X1.93
(Schneide 2 | A=90.000)
G0 A90.000
G1 Z-5.0 F200.0
G1 X-3.0700000000000003 F200.0
G0 Z5.0
G0 X1.93
(Schneide 3 | A=180.000)
G0 A180.000
G1 Z-5.0 F200.0
G1 X-3.0700000000000003 F200.0
G0 Z5.0
G0 X1.93
(Schneide 4 | A=270.000)
G0 A270.000
G1 Z-5.0 F200.0
G1 X-3.0700000000000003 F200.0
G0 Z5.0
G0 X1.93
(Pass 195 at X 1.94)
G0 X1.94 Z5.0
(Schneide 1 | A=0.000)
G0 A0.000
G1 Z-5.0 F200.0
G1 X-3.06 F200.0
G0 Z5.0
G0 X1.94
(Schneide 2 | A=90.000)
G0 A90.000
G1 Z-5.0 F200.0
G1 X-3.06 F200.0
G0 Z5.0
G0 X1.94
(Schneide 3 | A=180.000)
G0 A180.000
G1 Z-5.0 F200.0
G1 X-3.06 F200.0
G0 Z5.0
G0 X1.94
(Schneide 4 | A=270.000)
G0 A270.000
G1 Z-5.0 F200.0
G1 X-3.06 F200.0
G0 Z5.0
G0 X1.94
(Pass 196 at X 1.95)
G0 X1.95 Z5.0
(Schneide 1 | A=0.000)
G0 A0.000
G1 Z-5.0 F200.0
G1 X-3.05 F200.0
G0 Z5.0
G0 X1.95
(Schneide 2 | A=90.000)
G0 A90.000
G1 Z-5.0 F200.0
G1 X-3.05 F200.0
G0 Z5.0
G0 X1.95
(Schneide 3 | A=180.000)
G0 A180.000
G1 Z-5.0 F200.0
G1 X-3.05 F200.0
G0 Z5.0
G0 X1.95
(Schneide 4 | A=270.000)
G0 A270.000
G1 Z-5.0 F200.0
G1 X-3.05 F200.0
G0 Z5.0
G0 X1.95
(Pass 197 at X 1.96)
G0 X1.96 Z5.0
(Schneide 1 | A=0.000)
G0 A0.000
G1 Z-5.0 F200.0
G1 X-3.04 F200.0
G0 Z5.0
G0 X1.96
(Schneide 2 | A=90.000)
G0 A90.000
G1 Z-5.0 F200.0
G1 X-3.04 F200.0
G0 Z5.0
G0 X1.96
(Schneide 3 | A=180.000)
G0 A180.000
G1 Z-5.0 F200.0
G1 X-3.04 F200.0
G0 Z5.0
G0 X1.96
(Schneide 4 | A=270.000)
G0 A270.000
G1 Z-5.0 F200.0
G1 X-3.04 F200.0
G0 Z5.0
G0 X1.96
(Pass 198 at X 1.97)
G0 X1.97 Z5.0
(Schneide 1 | A=0.000)
G0 A0.000
G1 Z-5.0 F200.0
G1 X-3.0300000000000002 F200.0
G0 Z5.0
G0 X1.97
(Schneide 2 | A=90.000)
G0 A90.000
G1 Z-5.0 F200.0
G1 X-3.0300000000000002 F200.0
G0 Z5.0
G0 X1.97
(Schneide 3 | A=180.000)
G0 A180.000
G1 Z-5.0 F200.0
G1 X-3.0300000000000002 F200.0
G0 Z5.0
G0 X1.97
(Schneide 4 | A=270.000)
G0 A270.000
G1 Z-5.0 F200.0
G1 X-3.0300000000000002 F200.0
G0 Z5.0
G0 X1.97
(Pass 199 at X 1.98)
G0 X1.98 Z5.0
(Schneide 1 | A=0.000)
G0 A0.000
G1 Z-5.0 F200.0
G1 X-3.02 F200.0
G0 Z5.0
G0 X1.98
(Schneide 2 | A=90.000)
G0 A90.000
G1 Z-5.0 F200.0
G1 X-3.02 F200.0
G0 Z5.0
G0 X1.98
(Schneide 3 | A=180.000)
G0 A180.000
G1 Z-5.0 F200.0
G1 X-3.02 F200.0
G0 Z5.0
G0 X1.98
(Schneide 4 | A=270.000)
G0 A270.000
G1 Z-5.0 F200.0
G1 X-3.02 F200.0
G0 Z5.0
G0 X1.98
(Pass 200 at X 1.99)
G0 X1.99 Z5.0
(Schneide 1 | A=0.000)
G0 A0.000
G1 Z-5.0 F200.0
G1 X-3.01 F200.0
G0 Z5.0
G0 X1.99
(Schneide 2 | A=90.000)
G0 A90.000
G1 Z-5.0 F200.0
G1 X-3.01 F200.0
G0 Z5.0
G0 X1.99
(Schneide 3 | A=180.000)
G0 A180.000
G1 Z-5.0 F200.0
G1 X-3.01 F200.0
G0 Z5.0
G0 X1.99
(Schneide 4 | A=270.000)
G0 A270.000
G1 Z-5.0 F200.0
G1 X-3.01 F200.0
G0 Z5.0
G0 X1.99
(Pass 201 at X 2.0)
G0 X2.0 Z5.0
(Schneide 1 | A=0.000)
G0 A0.000
G1 Z-5.0 F200.0
G1 X-3.0 F200.0
G0 Z5.0
G0 X2.0
(Schneide 2 | A=90.000)
G0 A90.000
G1 Z-5.0 F200.0
G1 X-3.0 F200.0
G0 Z5.0
G0 X2.0
(Schneide 3 | A=180.000)
G0 A180.000
G1 Z-5.0 F200.0
G1 X-3.0 F200.0
G0 Z5.0
G0 X2.0
(Schneide 4 | A=270.000)
G0 A270.000
G1 Z-5.0 F200.0
G1 X-3.0 F200.0
G0 Z5.0
G0 X2.0
(Pass 202 at X 2.0100000000000002)
G0 X2.0100000000000002 Z5.0
(Schneide 1 | A=0.000)
G0 A0.000
G1 Z-5.0 F200.0
G1 X-2.9899999999999998 F200.0
G0 Z5.0
G0 X2.0100000000000002
(Schneide 2 | A=90.000)
G0 A90.000
G1 Z-5.0 F200.0
G1 X-2.9899999999999998 F200.0
G0 Z5.0
G0 X2.0100000000000002
(Schneide 3 | A=180.000)
G0 A180.000
G1 Z-5.0 F200.0
G1 X-2.9899999999999998 F200.0
G0 Z5.0
G0 X2.0100000000000002
(Schneide 4 | A=270.000)
G0 A270.000
G1 Z-5.0 F200.0
G1 X-2.9899999999999998 F200.0
G0 Z5.0
G0 X2.0100000000000002
(Pass 203 at X 2.02)
G0 X2.02 Z5.0
(Schneide 1 | A=0.000)
G0 A0.000
G1 Z-5.0 F200.0
G1 X-2.98 F200.0
G0 Z5.0
G0 X2.02
(Schneide 2 | A=90.000)
G0 A90.000
G1 Z-5.0 F200.0
G1 X-2.98 F200.0
G0 Z5.0
G0 X2.02
(Schneide 3 | A=180.000)
G0 A180.000
G1 Z-5.0 F200.0
G1 X-2.98 F200.0
G0 Z5.0
G0 X2.02
(Schneide 4 | A=270.000)
G0 A270.000
G1 Z-5.0 F200.0
G1 X-2.98 F200.0
G0 Z5.0
G0 X2.02
(Pass 204 at X 2.0300000000000002)
G0 X2.0300000000000002 Z5.0
(Schneide 1 | A=0.000)
G0 A0.000
G1 Z-5.0 F200.0
G1 X-2.9699999999999998 F200.0
G0 Z5.0
G0 X2.0300000000000002
(Schneide 2 | A=90.000)
G0 A90.000
G1 Z-5.0 F200.0
G1 X-2.9699999999999998 F200.0
G0 Z5.0
G0 X2.0300000000000002
(Schneide 3 | A=180.000)
G0 A180.000
G1 Z-5.0 F200.0
G1 X-2.9699999999999998 F200.0
G0 Z5.0
G0 X2.0300000000000002
(Schneide 4 | A=270.000)
G0 A270.000
G1 Z-5.0 F200.0
G1 X-2.9699999999999998 F200.0
G0 Z5.0
G0 X2.0300000000000002
(Pass 205 at X 2.04)
G0 X2.04 Z5.0
(Schneide 1 | A=0.000)
G0 A0.000
G1 Z-5.0 F200.0
G1 X-2.96 F200.0
G0 Z5.0
G0 X2.04
(Schneide 2 | A=90.000)
G0 A90.000
G1 Z-5.0 F200.0
G1 X-2.96 F200.0
G0 Z5.0
G0 X2.04
(Schneide 3 | A=180.000)
G0 A180.000
G1 Z-5.0 F200.0
G1 X-2.96 F200.0
G0 Z5.0
G0 X2.04
(Schneide 4 | A=270.000)
G0 A270.000
G1 Z-5.0 F200.0
G1 X-2.96 F200.0
G0 Z5.0
G0 X2.04
(Pass 206 at X 2.05)
G0 X2.05 Z5.0
(Schneide 1 | A=0.000)
G0 A0.000
G1 Z-5.0 F200.0
G1 X-2.95 F200.0
G0 Z5.0
G0 X2.05
(Schneide 2 | A=90.000)
G0 A90.000
G1 Z-5.0 F200.0
G1 X-2.95 F200.0
G0 Z5.0
G0 X2.05
(Schneide 3 | A=180.000)
G0 A180.000
G1 Z-5.0 F200.0
G1 X-2.95 F200.0
G0 Z5.0
G0 X2.05
(Schneide 4 | A=270.000)
G0 A270.000
G1 Z-5.0 F200.0
G1 X-2.95 F200.0
G0 Z5.0
G0 X2.05
(Pass 207 at X 2.06)
G0 X2.06 Z5.0
(Schneide 1 | A=0.000)
G0 A0.000
G1 Z-5.0 F200.0
G1 X-2.94 F200.0
G0 Z5.0
G0 X2.06
(Schneide 2 | A=90.000)
G0 A90.000
G1 Z-5.0 F200.0
G1 X-2.94 F200.0
G0 Z5.0
G0 X2.06
(Schneide 3 | A=180.000)
G0 A180.000
G1 Z-5.0 F200.0
G1 X-2.94 F200.0
G0 Z5.0
G0 X2.06
(Schneide 4 | A=270.000)
G0 A270.000
G1 Z-5.0 F200.0
G1 X-2.94 F200.0
G0 Z5.0
G0 X2.06
(Pass 208 at X 2.07)
G0 X2.07 Z5.0
(Schneide 1 | A=0.000)
G0 A0.000
G1 Z-5.0 F200.0
G1 X-2.93 F200.0
G0 Z5.0
G0 X2.07
(Schneide 2 | A=90.000)
G0 A90.000
G1 Z-5.0 F200.0
G1 X-2.93 F200.0
G0 Z5.0
G0 X2.07
(Schneide 3 | A=180.000)
G0 A180.000
G1 Z-5.0 F200.0
G1 X-2.93 F200.0
G0 Z5.0
G0 X2.07
(Schneide 4 | A=270.000)
G0 A270.000
G1 Z-5.0 F200.0
G1 X-2.93 F200.0
G0 Z5.0
G0 X2.07
(Pass 209 at X 2.08)
G0 X2.08 Z5.0
(Schneide 1 | A=0.000)
G0 A0.000
G1 Z-5.0 F200.0
G1 X-2.92 F200.0
G0 Z5.0
G0 X2.08
(Schneide 2 | A=90.000)
G0 A90.000
G1 Z-5.0 F200.0
G1 X-2.92 F200.0
G0 Z5.0
G0 X2.08
(Schneide 3 | A=180.000)
G0 A180.000
G1 Z-5.0 F200.0
G1 X-2.92 F200.0
G0 Z5.0
G0 X2.08
(Schneide 4 | A=270.000)
G0 A270.000
G1 Z-5.0 F200.0
G1 X-2.92 F200.0
G0 Z5.0
G0 X2.08
(Pass 210 at X 2.09)
G0 X2.09 Z5.0
(Schneide 1 | A=0.000)
G0 A0.000
G1 Z-5.0 F200.0
G1 X-2.91 F200.0
G0 Z5.0
G0 X2.09
(Schneide 2 | A=90.000)
G0 A90.000
G1 Z-5.0 F200.0
G1 X-2.91 F200.0
G0 Z5.0
G0 X2.09
(Schneide 3 | A=180.000)
G0 A180.000
G1 Z-5.0 F200.0
G1 X-2.91 F200.0
G0 Z5.0
G0 X2.09
(Schneide 4 | A=270.000)
G0 A270.000
G1 Z-5.0 F200.0
G1 X-2.91 F200.0
G0 Z5.0
G0 X2.09
(Pass 211 at X 2.1)
G0 X2.1 Z5.0
(Schneide 1 | A=0.000)
G0 A0.000
G1 Z-5.0 F200.0
G1 X-2.9 F200.0
G0 Z5.0
G0 X2.1
(Schneide 2 | A=90.000)
G0 A90.000
G1 Z-5.0 F200.0
G1 X-2.9 F200.0
G0 Z5.0
G0 X2.1
(Schneide 3 | A=180.000)
G0 A180.000
G1 Z-5.0 F200.0
G1 X-2.9 F200.0
G0 Z5.0
G0 X2.1
(Schneide 4 | A=270.000)
G0 A270.000
G1 Z-5.0 F200.0
G1 X-2.9 F200.0
G0 Z5.0
G0 X2.1
(Pass 212 at X 2.11)
G0 X2.11 Z5.0
(Schneide 1 | A=0.000)
G0 A0.000
G1 Z-5.0 F200.0
G1 X-2.89 F200.0
G0 Z5.0
G0 X2.11
(Schneide 2 | A=90.000)
G0 A90.000
G1 Z-5.0 F200.0
G1 X-2.89 F200.0
G0 Z5.0
G0 X2.11
(Schneide 3 | A=180.000)
G0 A180.000
G1 Z-5.0 F200.0
G1 X-2.89 F200.0
G0 Z5.0
G0 X2.11
(Schneide 4 | A=270.000)
G0 A270.000
G1 Z-5.0 F200.0
G1 X-2.89 F200.0
G0 Z5.0
G0 X2.11
(Pass 213 at X 2.12)
G0 X2.12 Z5.0
(Schneide 1 | A=0.000)
G0 A0.000
G1 Z-5.0 F200.0
G1 X-2.88 F200.0
G0 Z5.0
G0 X2.12
(Schneide 2 | A=90.000)
G0 A90.000
G1 Z-5.0 F200.0
G1 X-2.88 F200.0
G0 Z5.0
G0 X2.12
(Schneide 3 | A=180.000)
G0 A180.000
G1 Z-5.0 F200.0
G1 X-2.88 F200.0
G0 Z5.0
G0 X2.12
(Schneide 4 | A=270.000)
G0 A270.000
G1 Z-5.0 F200.0
G1 X-2.88 F200.0
G0 Z5.0
G0 X2.12
(Pass 214 at X 2.13)
G0 X2.13 Z5.0
(Schneide 1 | A=0.000)
G0 A0.000
G1 Z-5.0 F200.0
G1 X-2.87 F200.0
G0 Z5.0
G0 X2.13
(Schneide 2 | A=90.000)
G0 A90.000
G1 Z-5.0 F200.0
G1 X-2.87 F200.0
G0 Z5.0
G0 X2.13
(Schneide 3 | A=180.000)
G0 A180.000
G1 Z-5.0 F200.0
G1 X-2.87 F200.0
G0 Z5.0
G0 X2.13
(Schneide 4 | A=270.000)
G0 A270.000
G1 Z-5.0 F200.0
G1 X-2.87 F200.0
G0 Z5.0
G0 X2.13
(Pass 215 at X 2.14)
G0 X2.14 Z5.0
(Schneide 1 | A=0.000)
G0 A0.000
G1 Z-5.0 F200.0
G1 X-2.86 F200.0
G0 Z5.0
G0 X2.14
(Schneide 2 | A=90.000)
G0 A90.000
G1 Z-5.0 F200.0
G1 X-2.86 F200.0
G0 Z5.0
G0 X2.14
(Schneide 3 | A=180.000)
G0 A180.000
G1 Z-5.0 F200.0
G1 X-2.86 F200.0
G0 Z5.0
G0 X2.14
(Schneide 4 | A=270.000)
G0 A270.000
G1 Z-5.0 F200.0
G1 X-2.86 F200.0
G0 Z5.0
G0 X2.14
(Pass 216 at X 2.15)
G0 X2.15 Z5.0
(Schneide 1 | A=0.000)
G0 A0.000
G1 Z-5.0 F200.0
G1 X-2.85 F200.0
G0 Z5.0
G0 X2.15
(Schneide 2 | A=90.000)
G0 A90.000
G1 Z-5.0 F200.0
G1 X-2.85 F200.0
G0 Z5.0
G0 X2.15
(Schneide 3 | A=180.000)
G0 A180.000
G1 Z-5.0 F200.0
G1 X-2.85 F200.0
G0 Z5.0
G0 X2.15
(Schneide 4 | A=270.000)
G0 A270.000
G1 Z-5.0 F200.0
G1 X-2.85 F200.0
G0 Z5.0
G0 X2.15
(Pass 217 at X 2.16)
G0 X2.16 Z5.0
(Schneide 1 | A=0.000)
G0 A0.000
G1 Z-5.0 F200.0
G1 X-2.84 F200.0
G0 Z5.0
G0 X2.16
(Schneide 2 | A=90.000)
G0 A90.000
G1 Z-5.0 F200.0
G1 X-2.84 F200.0
G0 Z5.0
G0 X2.16
(Schneide 3 | A=180.000)
G0 A180.000
G1 Z-5.0 F200.0
G1 X-2.84 F200.0
G0 Z5.0
G0 X2.16
(Schneide 4 | A=270.000)
G0 A270.000
G1 Z-5.0 F200.0
G1 X-2.84 F200.0
G0 Z5.0
G0 X2.16
(Pass 218 at X 2.17)
G0 X2.17 Z5.0
(Schneide 1 | A=0.000)
G0 A0.000
G1 Z-5.0 F200.0
G1 X-2.83 F200.0
G0 Z5.0
G0 X2.17
(Schneide 2 | A=90.000)
G0 A90.000
G1 Z-5.0 F200.0
G1 X-2.83 F200.0
G0 Z5.0
G0 X2.17
(Schneide 3 | A=180.000)
G0 A180.000
G1 Z-5.0 F200.0
G1 X-2.83 F200.0
G0 Z5.0
G0 X2.17
(Schneide 4 | A=270.000)
G0 A270.000
G1 Z-5.0 F200.0
G1 X-2.83 F200.0
G0 Z5.0
G0 X2.17
(Pass 219 at X 2.18)
G0 X2.18 Z5.0
(Schneide 1 | A=0.000)
G0 A0.000
G1 Z-5.0 F200.0
G1 X-2.82 F200.0
G0 Z5.0
G0 X2.18
(Schneide 2 | A=90.000)
G0 A90.000
G1 Z-5.0 F200.0
G1 X-2.82 F200.0
G0 Z5.0
G0 X2.18
(Schneide 3 | A=180.000)
G0 A180.000
G1 Z-5.0 F200.0
G1 X-2.82 F200.0
G0 Z5.0
G0 X2.18
(Schneide 4 | A=270.000)
G0 A270.000
G1 Z-5.0 F200.0
G1 X-2.82 F200.0
G0 Z5.0
G0 X2.18
(Pass 220 at X 2.19)
G0 X2.19 Z5.0
(Schneide 1 | A=0.000)
G0 A0.000
G1 Z-5.0 F200.0
G1 X-2.81 F200.0
G0 Z5.0
G0 X2.19
(Schneide 2 | A=90.000)
G0 A90.000
G1 Z-5.0 F200.0
G1 X-2.81 F200.0
G0 Z5.0
G0 X2.19
(Schneide 3 | A=180.000)
G0 A180.000
G1 Z-5.0 F200.0
G1 X-2.81 F200.0
G0 Z5.0
G0 X2.19
(Schneide 4 | A=270.000)
G0 A270.000
G1 Z-5.0 F200.0
G1 X-2.81 F200.0
G0 Z5.0
G0 X2.19
(Pass 221 at X 2.2)
G0 X2.2 Z5.0
(Schneide 1 | A=0.000)
G0 A0.000
G1 Z-5.0 F200.0
G1 X-2.8 F200.0
G0 Z5.0
G0 X2.2
(Schneide 2 | A=90.000)
G0 A90.000
G1 Z-5.0 F200.0
G1 X-2.8 F200.0
G0 Z5.0
G0 X2.2
(Schneide 3 | A=180.000)
G0 A180.000
G1 Z-5.0 F200.0
G1 X-2.8 F200.0
G0 Z5.0
G0 X2.2
(Schneide 4 | A=270.000)
G0 A270.000
G1 Z-5.0 F200.0
G1 X-2.8 F200.0
G0 Z5.0
G0 X2.2
(Pass 222 at X 2.21)
G0 X2.21 Z5.0
(Schneide 1 | A=0.000)
G0 A0.000
G1 Z-5.0 F200.0
G1 X-2.79 F200.0
G0 Z5.0
G0 X2.21
(Schneide 2 | A=90.000)
G0 A90.000
G1 Z-5.0 F200.0
G1 X-2.79 F200.0
G0 Z5.0
G0 X2.21
(Schneide 3 | A=180.000)
G0 A180.000
G1 Z-5.0 F200.0
G1 X-2.79 F200.0
G0 Z5.0
G0 X2.21
(Schneide 4 | A=270.000)
G0 A270.000
G1 Z-5.0 F200.0
G1 X-2.79 F200.0
G0 Z5.0
G0 X2.21
(Pass 223 at X 2.22)
G0 X2.22 Z5.0
(Schneide 1 | A=0.000)
G0 A0.000
G1 Z-5.0 F200.0
G1 X-2.78 F200.0
G0 Z5.0
G0 X2.22
(Schneide 2 | A=90.000)
G0 A90.000
G1 Z-5.0 F200.0
G1 X-2.78 F200.0
G0 Z5.0
G0 X2.22
(Schneide 3 | A=180.000)
G0 A180.000
G1 Z-5.0 F200.0
G1 X-2.78 F200.0
G0 Z5.0
G0 X2.22
(Schneide 4 | A=270.000)
G0 A270.000
G1 Z-5.0 F200.0
G1 X-2.78 F200.0
G0 Z5.0
G0 X2.22
(Pass 224 at X 2.23)
G0 X2.23 Z5.0
(Schneide 1 | A=0.000)
G0 A0.000
G1 Z-5.0 F200.0
G1 X-2.77 F200.0
G0 Z5.0
G0 X2.23
(Schneide 2 | A=90.000)
G0 A90.000
G1 Z-5.0 F200.0
G1 X-2.77 F200.0
G0 Z5.0
G0 X2.23
(Schneide 3 | A=180.000)
G0 A180.000
G1 Z-5.0 F200.0
G1 X-2.77 F200.0
G0 Z5.0
G0 X2.23
(Schneide 4 | A=270.000)
G0 A270.000
G1 Z-5.0 F200.0
G1 X-2.77 F200.0
G0 Z5.0
G0 X2.23
(Pass 225 at X 2.24)
G0 X2.24 Z5.0
(Schneide 1 | A=0.000)
G0 A0.000
G1 Z-5.0 F200.0
G1 X-2.76 F200.0
G0 Z5.0
G0 X2.24
(Schneide 2 | A=90.000)
G0 A90.000
G1 Z-5.0 F200.0
G1 X-2.76 F200.0
G0 Z5.0
G0 X2.24
(Schneide 3 | A=180.000)
G0 A180.000
G1 Z-5.0 F200.0
G1 X-2.76 F200.0
G0 Z5.0
G0 X2.24
(Schneide 4 | A=270.000)
G0 A270.000
G1 Z-5.0 F200.0
G1 X-2.76 F200.0
G0 Z5.0
G0 X2.24
(Pass 226 at X 2.25)
G0 X2.25 Z5.0
(Schneide 1 | A=0.000)
G0 A0.000
G1 Z-5.0 F200.0
G1 X-2.75 F200.0
G0 Z5.0
G0 X2.25
(Schneide 2 | A=90.000)
G0 A90.000
G1 Z-5.0 F200.0
G1 X-2.75 F200.0
G0 Z5.0
G0 X2.25
(Schneide 3 | A=180.000)
G0 A180.000
G1 Z-5.0 F200.0
G1 X-2.75 F200.0
G0 Z5.0
G0 X2.25
(Schneide 4 | A=270.000)
G0 A270.000
G1 Z-5.0 F200.0
G1 X-2.75 F200.0
G0 Z5.0
G0 X2.25
(Pass 227 at X 2.2600000000000002)
G0 X2.2600000000000002 Z5.0
(Schneide 1 | A=0.000)
G0 A0.000
G1 Z-5.0 F200.0
G1 X-2.7399999999999998 F200.0
G0 Z5.0
G0 X2.2600000000000002
(Schneide 2 | A=90.000)
G0 A90.000
G1 Z-5.0 F200.0
G1 X-2.7399999999999998 F200.0
G0 Z5.0
G0 X2.2600000000000002
(Schneide 3 | A=180.000)
G0 A180.000
G1 Z-5.0 F200.0
G1 X-2.7399999999999998 F200.0
G0 Z5.0
G0 X2.2600000000000002
(Schneide 4 | A=270.000)
G0 A270.000
G1 Z-5.0 F200.0
G1 X-2.7399999999999998 F200.0
G0 Z5.0
G0 X2.2600000000000002
(Pass 228 at X 2.27)
G0 X2.27 Z5.0
(Schneide 1 | A=0.000)
G0 A0.000
G1 Z-5.0 F200.0
G1 X-2.73 F200.0
G0 Z5.0
G0 X2.27
(Schneide 2 | A=90.000)
G0 A90.000
G1 Z-5.0 F200.0
G1 X-2.73 F200.0
G0 Z5.0
G0 X2.27
(Schneide 3 | A=180.000)
G0 A180.000
G1 Z-5.0 F200.0
G1 X-2.73 F200.0
G0 Z5.0
G0 X2.27
(Schneide 4 | A=270.000)
G0 A270.000
G1 Z-5.0 F200.0
G1 X-2.73 F200.0
G0 Z5.0
G0 X2.27
(Pass 229 at X 2.2800000000000002)
G0 X2.2800000000000002 Z5.0
(Schneide 1 | A=0.000)
G0 A0.000
G1 Z-5.0 F200.0
G1 X-2.7199999999999998 F200.0
G0 Z5.0
G0 X2.2800000000000002
(Schneide 2 | A=90.000)
G0 A90.000
G1 Z-5.0 F200.0
G1 X-2.7199999999999998 F200.0
G0 Z5.0
G0 X2.2800000000000002
(Schneide 3 | A=180.000)
G0 A180.000
G1 Z-5.0 F200.0
G1 X-2.7199999999999998 F200.0
G0 Z5.0
G0 X2.2800000000000002
(Schneide 4 | A=270.000)
G0 A270.000
G1 Z-5.0 F200.0
G1 X-2.7199999999999998 F200.0
G0 Z5.0
G0 X2.2800000000000002
(Pass 230 at X 2.29)
G0 X2.29 Z5.0
(Schneide 1 | A=0.000)
G0 A0.000
G1 Z-5.0 F200.0
G1 X-2.71 F200.0
G0 Z5.0
G0 X2.29
(Schneide 2 | A=90.000)
G0 A90.000
G1 Z-5.0 F200.0
G1 X-2.71 F200.0
G0 Z5.0
G0 X2.29
(Schneide 3 | A=180.000)
G0 A180.000
G1 Z-5.0 F200.0
G1 X-2.71 F200.0
G0 Z5.0
G0 X2.29
(Schneide 4 | A=270.000)
G0 A270.000
G1 Z-5.0 F200.0
G1 X-2.71 F200.0
G0 Z5.0
G0 X2.29
(Pass 231 at X 2.3000000000000003)
G0 X2.3000000000000003 Z5.0
(Schneide 1 | A=0.000)
G0 A0.000
G1 Z-5.0 F200.0
G1 X-2.6999999999999997 F200.0
G0 Z5.0
G0 X2.3000000000000003
(Schneide 2 | A=90.000)
G0 A90.000
G1 Z-5.0 F200.0
G1 X-2.6999999999999997 F200.0
G0 Z5.0
G0 X2.3000000000000003
(Schneide 3 | A=180.000)
G0 A180.000
G1 Z-5.0 F200.0
G1 X-2.6999999999999997 F200.0
G0 Z5.0
G0 X2.3000000000000003
(Schneide 4 | A=270.000)
G0 A270.000
G1 Z-5.0 F200.0
G1 X-2.6999999999999997 F200.0
G0 Z5.0
G0 X2.3000000000000003
(Pass 232 at X 2.31)
G0 X2.31 Z5.0
(Schneide 1 | A=0.000)
G0 A0.000
G1 Z-5.0 F200.0
G1 X-2.69 F200.0
G0 Z5.0
G0 X2.31
(Schneide 2 | A=90.000)
G0 A90.000
G1 Z-5.0 F200.0
G1 X-2.69 F200.0
G0 Z5.0
G0 X2.31
(Schneide 3 | A=180.000)
G0 A180.000
G1 Z-5.0 F200.0
G1 X-2.69 F200.0
G0 Z5.0
G0 X2.31
(Schneide 4 | A=270.000)
G0 A270.000
G1 Z-5.0 F200.0
G1 X-2.69 F200.0
G0 Z5.0
G0 X2.31
(Pass 233 at X 2.32)
G0 X2.32 Z5.0
(Schneide 1 | A=0.000)
G0 A0.000
G1 Z-5.0 F200.0
G1 X-2.68 F200.0
G0 Z5.0
G0 X2.32
(Schneide 2 | A=90.000)
G0 A90.000
G1 Z-5.0 F200.0
G1 X-2.68 F200.0
G0 Z5.0
G0 X2.32
(Schneide 3 | A=180.000)
G0 A180.000
G1 Z-5.0 F200.0
G1 X-2.68 F200.0
G0 Z5.0
G0 X2.32
(Schneide 4 | A=270.000)
G0 A270.000
G1 Z-5.0 F200.0
G1 X-2.68 F200.0
G0 Z5.0
G0 X2.32
(Pass 234 at X 2.33)
G0 X2.33 Z5.0
(Schneide 1 | A=0.000)
G0 A0.000
G1 Z-5.0 F200.0
G1 X-2.67 F200.0
G0 Z5.0
G0 X2.33
(Schneide 2 | A=90.000)
G0 A90.000
G1 Z-5.0 F200.0
G1 X-2.67 F200.0
G0 Z5.0
G0 X2.33
(Schneide 3 | A=180.000)
G0 A180.000
G1 Z-5.0 F200.0
G1 X-2.67 F200.0
G0 Z5.0
G0 X2.33
(Schneide 4 | A=270.000)
G0 A270.000
G1 Z-5.0 F200.0
G1 X-2.67 F200.0
G0 Z5.0
G0 X2.33
(Pass 235 at X 2.34)
G0 X2.34 Z5.0
(Schneide 1 | A=0.000)
G0 A0.000
G1 Z-5.0 F200.0
G1 X-2.66 F200.0
G0 Z5.0
G0 X2.34
(Schneide 2 | A=90.000)
G0 A90.000
G1 Z-5.0 F200.0
G1 X-2.66 F200.0
G0 Z5.0
G0 X2.34
(Schneide 3 | A=180.000)
G0 A180.000
G1 Z-5.0 F200.0
G1 X-2.66 F200.0
G0 Z5.0
G0 X2.34
(Schneide 4 | A=270.000)
G0 A270.000
G1 Z-5.0 F200.0
G1 X-2.66 F200.0
G0 Z5.0
G0 X2.34
(Pass 236 at X 2.35)
G0 X2.35 Z5.0
(Schneide 1 | A=0.000)
G0 A0.000
G1 Z-5.0 F200.0
G1 X-2.65 F200.0
G0 Z5.0
G0 X2.35
(Schneide 2 | A=90.000)
G0 A90.000
G1 Z-5.0 F200.0
G1 X-2.65 F200.0
G0 Z5.0
G0 X2.35
(Schneide 3 | A=180.000)
G0 A180.000
G1 Z-5.0 F200.0
G1 X-2.65 F200.0
G0 Z5.0
G0 X2.35
(Schneide 4 | A=270.000)
G0 A270.000
G1 Z-5.0 F200.0
G1 X-2.65 F200.0
G0 Z5.0
G0 X2.35
(Pass 237 at X 2.36)
G0 X2.36 Z5.0
(Schneide 1 | A=0.000)
G0 A0.000
G1 Z-5.0 F200.0
G1 X-2.64 F200.0
G0 Z5.0
G0 X2.36
(Schneide 2 | A=90.000)
G0 A90.000
G1 Z-5.0 F200.0
G1 X-2.64 F200.0
G0 Z5.0
G0 X2.36
(Schneide 3 | A=180.000)
G0 A180.000
G1 Z-5.0 F200.0
G1 X-2.64 F200.0
G0 Z5.0
G0 X2.36
(Schneide 4 | A=270.000)
G0 A270.000
G1 Z-5.0 F200.0
G1 X-2.64 F200.0
G0 Z5.0
G0 X2.36
(Pass 238 at X 2.37)
G0 X2.37 Z5.0
(Schneide 1 | A=0.000)
G0 A0.000
G1 Z-5.0 F200.0
G1 X-2.63 F200.0
G0 Z5.0
G0 X2.37
(Schneide 2 | A=90.000)
G0 A90.000
G1 Z-5.0 F200.0
G1 X-2.63 F200.0
G0 Z5.0
G0 X2.37
(Schneide 3 | A=180.000)
G0 A180.000
G1 Z-5.0 F200.0
G1 X-2.63 F200.0
G0 Z5.0
G0 X2.37
(Schneide 4 | A=270.000)
G0 A270.000
G1 Z-5.0 F200.0
G1 X-2.63 F200.0
G0 Z5.0
G0 X2.37
(Pass 239 at X 2.38)
G0 X2.38 Z5.0
(Schneide 1 | A=0.000)
G0 A0.000
G1 Z-5.0 F200.0
G1 X-2.62 F200.0
G0 Z5.0
G0 X2.38
(Schneide 2 | A=90.000)
G0 A90.000
G1 Z-5.0 F200.0
G1 X-2.62 F200.0
G0 Z5.0
G0 X2.38
(Schneide 3 | A=180.000)
G0 A180.000
G1 Z-5.0 F200.0
G1 X-2.62 F200.0
G0 Z5.0
G0 X2.38
(Schneide 4 | A=270.000)
G0 A270.000
G1 Z-5.0 F200.0
G1 X-2.62 F200.0
G0 Z5.0
G0 X2.38
(Pass 240 at X 2.39)
G0 X2.39 Z5.0
(Schneide 1 | A=0.000)
G0 A0.000
G1 Z-5.0 F200.0
G1 X-2.61 F200.0
G0 Z5.0
G0 X2.39
(Schneide 2 | A=90.000)
G0 A90.000
G1 Z-5.0 F200.0
G1 X-2.61 F200.0
G0 Z5.0
G0 X2.39
(Schneide 3 | A=180.000)
G0 A180.000
G1 Z-5.0 F200.0
G1 X-2.61 F200.0
G0 Z5.0
G0 X2.39
(Schneide 4 | A=270.000)
G0 A270.000
G1 Z-5.0 F200.0
G1 X-2.61 F200.0
G0 Z5.0
G0 X2.39
(Pass 241 at X 2.4)
G0 X2.4 Z5.0
(Schneide 1 | A=0.000)
G0 A0.000
G1 Z-5.0 F200.0
G1 X-2.6 F200.0
G0 Z5.0
G0 X2.4
(Schneide 2 | A=90.000)
G0 A90.000
G1 Z-5.0 F200.0
G1 X-2.6 F200.0
G0 Z5.0
G0 X2.4
(Schneide 3 | A=180.000)
G0 A180.000
G1 Z-5.0 F200.0
G1 X-2.6 F200.0
G0 Z5.0
G0 X2.4
(Schneide 4 | A=270.000)
G0 A270.000
G1 Z-5.0 F200.0
G1 X-2.6 F200.0
G0 Z5.0
G0 X2.4
(Pass 242 at X 2.41)
G0 X2.41 Z5.0
(Schneide 1 | A=0.000)
G0 A0.000
G1 Z-5.0 F200.0
G1 X-2.59 F200.0
G0 Z5.0
G0 X2.41
(Schneide 2 | A=90.000)
G0 A90.000
G1 Z-5.0 F200.0
G1 X-2.59 F200.0
G0 Z5.0
G0 X2.41
(Schneide 3 | A=180.000)
G0 A180.000
G1 Z-5.0 F200.0
G1 X-2.59 F200.0
G0 Z5.0
G0 X2.41
(Schneide 4 | A=270.000)
G0 A270.000
G1 Z-5.0 F200.0
G1 X-2.59 F200.0
G0 Z5.0
G0 X2.41
(Pass 243 at X 2.42)
G0 X2.42 Z5.0
(Schneide 1 | A=0.000)
G0 A0.000
G1 Z-5.0 F200.0
G1 X-2.58 F200.0
G0 Z5.0
G0 X2.42
(Schneide 2 | A=90.000)
G0 A90.000
G1 Z-5.0 F200.0
G1 X-2.58 F200.0
G0 Z5.0
G0 X2.42
(Schneide 3 | A=180.000)
G0 A180.000
G1 Z-5.0 F200.0
G1 X-2.58 F200.0
G0 Z5.0
G0 X2.42
(Schneide 4 | A=270.000)
G0 A270.000
G1 Z-5.0 F200.0
G1 X-2.58 F200.0
G0 Z5.0
G0 X2.42
(Pass 244 at X 2.43)
G0 X2.43 Z5.0
(Schneide 1 | A=0.000)
G0 A0.000
G1 Z-5.0 F200.0
G1 X-2.57 F200.0
G0 Z5.0
G0 X2.43
(Schneide 2 | A=90.000)
G0 A90.000
G1 Z-5.0 F200.0
G1 X-2.57 F200.0
G0 Z5.0
G0 X2.43
(Schneide 3 | A=180.000)
G0 A180.000
G1 Z-5.0 F200.0
G1 X-2.57 F200.0
G0 Z5.0
G0 X2.43
(Schneide 4 | A=270.000)
G0 A270.000
G1 Z-5.0 F200.0
G1 X-2.57 F200.0
G0 Z5.0
G0 X2.43
(Pass 245 at X 2.44)
G0 X2.44 Z5.0
(Schneide 1 | A=0.000)
G0 A0.000
G1 Z-5.0 F200.0
G1 X-2.56 F200.0
G0 Z5.0
G0 X2.44
(Schneide 2 | A=90.000)
G0 A90.000
G1 Z-5.0 F200.0
G1 X-2.56 F200.0
G0 Z5.0
G0 X2.44
(Schneide 3 | A=180.000)
G0 A180.000
G1 Z-5.0 F200.0
G1 X-2.56 F200.0
G0 Z5.0
G0 X2.44
(Schneide 4 | A=270.000)
G0 A270.000
G1 Z-5.0 F200.0
G1 X-2.56 F200.0
G0 Z5.0
G0 X2.44
(Pass 246 at X 2.45)
G0 X2.45 Z5.0
(Schneide 1 | A=0.000)
G0 A0.000
G1 Z-5.0 F200.0
G1 X-2.55 F200.0
G0 Z5.0
G0 X2.45
(Schneide 2 | A=90.000)
G0 A90.000
G1 Z-5.0 F200.0
G1 X-2.55 F200.0
G0 Z5.0
G0 X2.45
(Schneide 3 | A=180.000)
G0 A180.000
G1 Z-5.0 F200.0
G1 X-2.55 F200.0
G0 Z5.0
G0 X2.45
(Schneide 4 | A=270.000)
G0 A270.000
G1 Z-5.0 F200.0
G1 X-2.55 F200.0
G0 Z5.0
G0 X2.45
(Pass 247 at X 2.46)
G0 X2.46 Z5.0
(Schneide 1 | A=0.000)
G0 A0.000
G1 Z-5.0 F200.0
G1 X-2.54 F200.0
G0 Z5.0
G0 X2.46
(Schneide 2 | A=90.000)
G0 A90.000
G1 Z-5.0 F200.0
G1 X-2.54 F200.0
G0 Z5.0
G0 X2.46
(Schneide 3 | A=180.000)
G0 A180.000
G1 Z-5.0 F200.0
G1 X-2.54 F200.0
G0 Z5.0
G0 X2.46
(Schneide 4 | A=270.000)
G0 A270.000
G1 Z-5.0 F200.0
G1 X-2.54 F200.0
G0 Z5.0
G0 X2.46
(Pass 248 at X 2.47)
G0 X2.47 Z5.0
(Schneide 1 | A=0.000)
G0 A0.000
G1 Z-5.0 F200.0
G1 X-2.53 F200.0
G0 Z5.0
G0 X2.47
(Schneide 2 | A=90.000)
G0 A90.000
G1 Z-5.0 F200.0
G1 X-2.53 F200.0
G0 Z5.0
G0 X2.47
(Schneide 3 | A=180.000)
G0 A180.000
G1 Z-5.0 F200.0
G1 X-2.53 F200.0
G0 Z5.0
G0 X2.47
(Schneide 4 | A=270.000)
G0 A270.000
G1 Z-5.0 F200.0
G1 X-2.53 F200.0
G0 Z5.0
G0 X2.47
(Pass 249 at X 2.48)
G0 X2.48 Z5.0
(Schneide 1 | A=0.000)
G0 A0.000
G1 Z-5.0 F200.0
G1 X-2.52 F200.0
G0 Z5.0
G0 X2.48
(Schneide 2 | A=90.000)
G0 A90.000
G1 Z-5.0 F200.0
G1 X-2.52 F200.0
G0 Z5.0
G0 X2.48
(Schneide 3 | A=180.000)
G0 A180.000
G1 Z-5.0 F200.0
G1 X-2.52 F200.0
G0 Z5.0
G0 X2.48
(Schneide 4 | A=270.000)
G0 A270.000
G1 Z-5.0 F200.0
G1 X-2.52 F200.0
G0 Z5.0
G0 X2.48
(Pass 250 at X 2.49)
G0 X2.49 Z5.0
(Schneide 1 | A=0.000)
G0 A0.000
G1 Z-5.0 F200.0
G1 X-2.51 F200.0
G0 Z5.0
G0 X2.49
(Schneide 2 | A=90.000)
G0 A90.000
G1 Z-5.0 F200.0
G1 X-2.51 F200.0
G0 Z5.0
G0 X2.49
(Schneide 3 | A=180.000)
G0 A180.000
G1 Z-5.0 F200.0
G1 X-2.51 F200.0
G0 Z5.0
G0 X2.49
(Schneide 4 | A=270.000)
G0 A270.000
G1 Z-5.0 F200.0
G1 X-2.51 F200.0
G0 Z5.0
G0 X2.49
(Pass 251 at X 2.5)
G0 X2.5 Z5.0
(Schneide 1 | A=0.000)
G0 A0.000
G1 Z-5.0 F200.0
G1 X-2.5 F200.0
G0 Z5.0
G0 X2.5
(Schneide 2 | A=90.000)
G0 A90.000
G1 Z-5.0 F200.0
G1 X-2.5 F200.0
G0 Z5.0
G0 X2.5
(Schneide 3 | A=180.000)
G0 A180.000
G1 Z-5.0 F200.0
G1 X-2.5 F200.0
G0 Z5.0
G0 X2.5
(Schneide 4 | A=270.000)
G0 A270.000
G1 Z-5.0 F200.0
G1 X-2.5 F200.0
G0 Z5.0
G0 X2.5
(Pass 252 at X 2.5100000000000002)
G0 X2.5100000000000002 Z5.0
(Schneide 1 | A=0.000)
G0 A0.000
G1 Z-5.0 F200.0
G1 X-2.4899999999999998 F200.0
G0 Z5.0
G0 X2.5100000000000002
(Schneide 2 | A=90.000)
G0 A90.000
G1 Z-5.0 F200.0
G1 X-2.4899999999999998 F200.0
G0 Z5.0
G0 X2.5100000000000002
(Schneide 3 | A=180.000)
G0 A180.000
G1 Z-5.0 F200.0
G1 X-2.4899999999999998 F200.0
G0 Z5.0
G0 X2.5100000000000002
(Schneide 4 | A=270.000)
G0 A270.000
G1 Z-5.0 F200.0
G1 X-2.4899999999999998 F200.0
G0 Z5.0
G0 X2.5100000000000002
(Pass 253 at X 2.52)
G0 X2.52 Z5.0
(Schneide 1 | A=0.000)
G0 A0.000
G1 Z-5.0 F200.0
G1 X-2.48 F200.0
G0 Z5.0
G0 X2.52
(Schneide 2 | A=90.000)
G0 A90.000
G1 Z-5.0 F200.0
G1 X-2.48 F200.0
G0 Z5.0
G0 X2.52
(Schneide 3 | A=180.000)
G0 A180.000
G1 Z-5.0 F200.0
G1 X-2.48 F200.0
G0 Z5.0
G0 X2.52
(Schneide 4 | A=270.000)
G0 A270.000
G1 Z-5.0 F200.0
G1 X-2.48 F200.0
G0 Z5.0
G0 X2.52
(Pass 254 at X 2.5300000000000002)
G0 X2.5300000000000002 Z5.0
(Schneide 1 | A=0.000)
G0 A0.000
G1 Z-5.0 F200.0
G1 X-2.4699999999999998 F200.0
G0 Z5.0
G0 X2.5300000000000002
(Schneide 2 | A=90.000)
G0 A90.000
G1 Z-5.0 F200.0
G1 X-2.4699999999999998 F200.0
G0 Z5.0
G0 X2.5300000000000002
(Schneide 3 | A=180.000)
G0 A180.000
G1 Z-5.0 F200.0
G1 X-2.4699999999999998 F200.0
G0 Z5.0
G0 X2.5300000000000002
(Schneide 4 | A=270.000)
G0 A270.000
G1 Z-5.0 F200.0
G1 X-2.4699999999999998 F200.0
G0 Z5.0
G0 X2.5300000000000002
(Pass 255 at X 2.54)
G0 X2.54 Z5.0
(Schneide 1 | A=0.000)
G0 A0.000
G1 Z-5.0 F200.0
G1 X-2.46 F200.0
G0 Z5.0
G0 X2.54
(Schneide 2 | A=90.000)
G0 A90.000
G1 Z-5.0 F200.0
G1 X-2.46 F200.0
G0 Z5.0
G0 X2.54
(Schneide 3 | A=180.000)
G0 A180.000
G1 Z-5.0 F200.0
G1 X-2.46 F200.0
G0 Z5.0
G0 X2.54
(Schneide 4 | A=270.000)
G0 A270.000
G1 Z-5.0 F200.0
G1 X-2.46 F200.0
G0 Z5.0
G0 X2.54
(Pass 256 at X 2.5500000000000003)
G0 X2.5500000000000003 Z5.0
(Schneide 1 | A=0.000)
G0 A0.000
G1 Z-5.0 F200.0
G1 X-2.4499999999999997 F200.0
G0 Z5.0
G0 X2.5500000000000003
(Schneide 2 | A=90.000)
G0 A90.000
G1 Z-5.0 F200.0
G1 X-2.4499999999999997 F200.0
G0 Z5.0
G0 X2.5500000000000003
(Schneide 3 | A=180.000)
G0 A180.000
G1 Z-5.0 F200.0
G1 X-2.4499999999999997 F200.0
G0 Z5.0
G0 X2.5500000000000003
(Schneide 4 | A=270.000)
G0 A270.000
G1 Z-5.0 F200.0
G1 X-2.4499999999999997 F200.0
G0 Z5.0
G0 X2.5500000000000003
(Pass 257 at X 2.56)
G0 X2.56 Z5.0
(Schneide 1 | A=0.000)
G0 A0.000
G1 Z-5.0 F200.0
G1 X-2.44 F200.0
G0 Z5.0
G0 X2.56
(Schneide 2 | A=90.000)
G0 A90.000
G1 Z-5.0 F200.0
G1 X-2.44 F200.0
G0 Z5.0
G0 X2.56
(Schneide 3 | A=180.000)
G0 A180.000
G1 Z-5.0 F200.0
G1 X-2.44 F200.0
G0 Z5.0
G0 X2.56
(Schneide 4 | A=270.000)
G0 A270.000
G1 Z-5.0 F200.0
G1 X-2.44 F200.0
G0 Z5.0
G0 X2.56
(Pass 258 at X 2.57)
G0 X2.57 Z5.0
(Schneide 1 | A=0.000)
G0 A0.000
G1 Z-5.0 F200.0
G1 X-2.43 F200.0
G0 Z5.0
G0 X2.57
(Schneide 2 | A=90.000)
G0 A90.000
G1 Z-5.0 F200.0
G1 X-2.43 F200.0
G0 Z5.0
G0 X2.57
(Schneide 3 | A=180.000)
G0 A180.000
G1 Z-5.0 F200.0
G1 X-2.43 F200.0
G0 Z5.0
G0 X2.57
(Schneide 4 | A=270.000)
G0 A270.000
G1 Z-5.0 F200.0
G1 X-2.43 F200.0
G0 Z5.0
G0 X2.57
(Pass 259 at X 2.58)
G0 X2.58 Z5.0
(Schneide 1 | A=0.000)
G0 A0.000
G1 Z-5.0 F200.0
G1 X-2.42 F200.0
G0 Z5.0
G0 X2.58
(Schneide 2 | A=90.000)
G0 A90.000
G1 Z-5.0 F200.0
G1 X-2.42 F200.0
G0 Z5.0
G0 X2.58
(Schneide 3 | A=180.000)
G0 A180.000
G1 Z-5.0 F200.0
G1 X-2.42 F200.0
G0 Z5.0
G0 X2.58
(Schneide 4 | A=270.000)
G0 A270.000
G1 Z-5.0 F200.0
G1 X-2.42 F200.0
G0 Z5.0
G0 X2.58
(Pass 260 at X 2.59)
G0 X2.59 Z5.0
(Schneide 1 | A=0.000)
G0 A0.000
G1 Z-5.0 F200.0
G1 X-2.41 F200.0
G0 Z5.0
G0 X2.59
(Schneide 2 | A=90.000)
G0 A90.000
G1 Z-5.0 F200.0
G1 X-2.41 F200.0
G0 Z5.0
G0 X2.59
(Schneide 3 | A=180.000)
G0 A180.000
G1 Z-5.0 F200.0
G1 X-2.41 F200.0
G0 Z5.0
G0 X2.59
(Schneide 4 | A=270.000)
G0 A270.000
G1 Z-5.0 F200.0
G1 X-2.41 F200.0
G0 Z5.0
G0 X2.59
(Pass 261 at X 2.6)
G0 X2.6 Z5.0
(Schneide 1 | A=0.000)
G0 A0.000
G1 Z-5.0 F200.0
G1 X-2.4 F200.0
G0 Z5.0
G0 X2.6
(Schneide 2 | A=90.000)
G0 A90.000
G1 Z-5.0 F200.0
G1 X-2.4 F200.0
G0 Z5.0
G0 X2.6
(Schneide 3 | A=180.000)
G0 A180.000
G1 Z-5.0 F200.0
G1 X-2.4 F200.0
G0 Z5.0
G0 X2.6
(Schneide 4 | A=270.000)
G0 A270.000
G1 Z-5.0 F200.0
G1 X-2.4 F200.0
G0 Z5.0
G0 X2.6
(Pass 262 at X 2.61)
G0 X2.61 Z5.0
(Schneide 1 | A=0.000)
G0 A0.000
G1 Z-5.0 F200.0
G1 X-2.39 F200.0
G0 Z5.0
G0 X2.61
(Schneide 2 | A=90.000)
G0 A90.000
G1 Z-5.0 F200.0
G1 X-2.39 F200.0
G0 Z5.0
G0 X2.61
(Schneide 3 | A=180.000)
G0 A180.000
G1 Z-5.0 F200.0
G1 X-2.39 F200.0
G0 Z5.0
G0 X2.61
(Schneide 4 | A=270.000)
G0 A270.000
G1 Z-5.0 F200.0
G1 X-2.39 F200.0
G0 Z5.0
G0 X2.61
(Pass 263 at X 2.62)
G0 X2.62 Z5.0
(Schneide 1 | A=0.000)
G0 A0.000
G1 Z-5.0 F200.0
G1 X-2.38 F200.0
G0 Z5.0
G0 X2.62
(Schneide 2 | A=90.000)
G0 A90.000
G1 Z-5.0 F200.0
G1 X-2.38 F200.0
G0 Z5.0
G0 X2.62
(Schneide 3 | A=180.000)
G0 A180.000
G1 Z-5.0 F200.0
G1 X-2.38 F200.0
G0 Z5.0
G0 X2.62
(Schneide 4 | A=270.000)
G0 A270.000
G1 Z-5.0 F200.0
G1 X-2.38 F200.0
G0 Z5.0
G0 X2.62
(Pass 264 at X 2.63)
G0 X2.63 Z5.0
(Schneide 1 | A=0.000)
G0 A0.000
G1 Z-5.0 F200.0
G1 X-2.37 F200.0
G0 Z5.0
G0 X2.63
(Schneide 2 | A=90.000)
G0 A90.000
G1 Z-5.0 F200.0
G1 X-2.37 F200.0
G0 Z5.0
G0 X2.63
(Schneide 3 | A=180.000)
G0 A180.000
G1 Z-5.0 F200.0
G1 X-2.37 F200.0
G0 Z5.0
G0 X2.63
(Schneide 4 | A=270.000)
G0 A270.000
G1 Z-5.0 F200.0
G1 X-2.37 F200.0
G0 Z5.0
G0 X2.63
(Pass 265 at X 2.64)
G0 X2.64 Z5.0
(Schneide 1 | A=0.000)
G0 A0.000
G1 Z-5.0 F200.0
G1 X-2.36 F200.0
G0 Z5.0
G0 X2.64
(Schneide 2 | A=90.000)
G0 A90.000
G1 Z-5.0 F200.0
G1 X-2.36 F200.0
G0 Z5.0
G0 X2.64
(Schneide 3 | A=180.000)
G0 A180.000
G1 Z-5.0 F200.0
G1 X-2.36 F200.0
G0 Z5.0
G0 X2.64
(Schneide 4 | A=270.000)
G0 A270.000
G1 Z-5.0 F200.0
G1 X-2.36 F200.0
G0 Z5.0
G0 X2.64
(Pass 266 at X 2.65)
G0 X2.65 Z5.0
(Schneide 1 | A=0.000)
G0 A0.000
G1 Z-5.0 F200.0
G1 X-2.35 F200.0
G0 Z5.0
G0 X2.65
(Schneide 2 | A=90.000)
G0 A90.000
G1 Z-5.0 F200.0
G1 X-2.35 F200.0
G0 Z5.0
G0 X2.65
(Schneide 3 | A=180.000)
G0 A180.000
G1 Z-5.0 F200.0
G1 X-2.35 F200.0
G0 Z5.0
G0 X2.65
(Schneide 4 | A=270.000)
G0 A270.000
G1 Z-5.0 F200.0
G1 X-2.35 F200.0
G0 Z5.0
G0 X2.65
(Pass 267 at X 2.66)
G0 X2.66 Z5.0
(Schneide 1 | A=0.000)
G0 A0.000
G1 Z-5.0 F200.0
G1 X-2.34 F200.0
G0 Z5.0
G0 X2.66
(Schneide 2 | A=90.000)
G0 A90.000
G1 Z-5.0 F200.0
G1 X-2.34 F200.0
G0 Z5.0
G0 X2.66
(Schneide 3 | A=180.000)
G0 A180.000
G1 Z-5.0 F200.0
G1 X-2.34 F200.0
G0 Z5.0
G0 X2.66
(Schneide 4 | A=270.000)
G0 A270.000
G1 Z-5.0 F200.0
G1 X-2.34 F200.0
G0 Z5.0
G0 X2.66
(Pass 268 at X 2.67)
G0 X2.67 Z5.0
(Schneide 1 | A=0.000)
G0 A0.000
G1 Z-5.0 F200.0
G1 X-2.33 F200.0
G0 Z5.0
G0 X2.67
(Schneide 2 | A=90.000)
G0 A90.000
G1 Z-5.0 F200.0
G1 X-2.33 F200.0
G0 Z5.0
G0 X2.67
(Schneide 3 | A=180.000)
G0 A180.000
G1 Z-5.0 F200.0
G1 X-2.33 F200.0
G0 Z5.0
G0 X2.67
(Schneide 4 | A=270.000)
G0 A270.000
G1 Z-5.0 F200.0
G1 X-2.33 F200.0
G0 Z5.0
G0 X2.67
(Pass 269 at X 2.68)
G0 X2.68 Z5.0
(Schneide 1 | A=0.000)
G0 A0.000
G1 Z-5.0 F200.0
G1 X-2.32 F200.0
G0 Z5.0
G0 X2.68
(Schneide 2 | A=90.000)
G0 A90.000
G1 Z-5.0 F200.0
G1 X-2.32 F200.0
G0 Z5.0
G0 X2.68
(Schneide 3 | A=180.000)
G0 A180.000
G1 Z-5.0 F200.0
G1 X-2.32 F200.0
G0 Z5.0
G0 X2.68
(Schneide 4 | A=270.000)
G0 A270.000
G1 Z-5.0 F200.0
G1 X-2.32 F200.0
G0 Z5.0
G0 X2.68
(Pass 270 at X 2.69)
G0 X2.69 Z5.0
(Schneide 1 | A=0.000)
G0 A0.000
G1 Z-5.0 F200.0
G1 X-2.31 F200.0
G0 Z5.0
G0 X2.69
(Schneide 2 | A=90.000)
G0 A90.000
G1 Z-5.0 F200.0
G1 X-2.31 F200.0
G0 Z5.0
G0 X2.69
(Schneide 3 | A=180.000)
G0 A180.000
G1 Z-5.0 F200.0
G1 X-2.31 F200.0
G0 Z5.0
G0 X2.69
(Schneide 4 | A=270.000)
G0 A270.000
G1 Z-5.0 F200.0
G1 X-2.31 F200.0
G0 Z5.0
G0 X2.69
(Pass 271 at X 2.7)
G0 X2.7 Z5.0
(Schneide 1 | A=0.000)
G0 A0.000
G1 Z-5.0 F200.0
G1 X-2.3 F200.0
G0 Z5.0
G0 X2.7
(Schneide 2 | A=90.000)
G0 A90.000
G1 Z-5.0 F200.0
G1 X-2.3 F200.0
G0 Z5.0
G0 X2.7
(Schneide 3 | A=180.000)
G0 A180.000
G1 Z-5.0 F200.0
G1 X-2.3 F200.0
G0 Z5.0
G0 X2.7
(Schneide 4 | A=270.000)
G0 A270.000
G1 Z-5.0 F200.0
G1 X-2.3 F200.0
G0 Z5.0
G0 X2.7
(Pass 272 at X 2.71)
G0 X2.71 Z5.0
(Schneide 1 | A=0.000)
G0 A0.000
G1 Z-5.0 F200.0
G1 X-2.29 F200.0
G0 Z5.0
G0 X2.71
(Schneide 2 | A=90.000)
G0 A90.000
G1 Z-5.0 F200.0
G1 X-2.29 F200.0
G0 Z5.0
G0 X2.71
(Schneide 3 | A=180.000)
G0 A180.000
G1 Z-5.0 F200.0
G1 X-2.29 F200.0
G0 Z5.0
G0 X2.71
(Schneide 4 | A=270.000)
G0 A270.000
G1 Z-5.0 F200.0
G1 X-2.29 F200.0
G0 Z5.0
G0 X2.71
(Pass 273 at X 2.72)
G0 X2.72 Z5.0
(Schneide 1 | A=0.000)
G0 A0.000
G1 Z-5.0 F200.0
G1 X-2.28 F200.0
G0 Z5.0
G0 X2.72
(Schneide 2 | A=90.000)
G0 A90.000
G1 Z-5.0 F200.0
G1 X-2.28 F200.0
G0 Z5.0
G0 X2.72
(Schneide 3 | A=180.000)
G0 A180.000
G1 Z-5.0 F200.0
G1 X-2.28 F200.0
G0 Z5.0
G0 X2.72
(Schneide 4 | A=270.000)
G0 A270.000
G1 Z-5.0 F200.0
G1 X-2.28 F200.0
G0 Z5.0
G0 X2.72
(Pass 274 at X 2.73)
G0 X2.73 Z5.0
(Schneide 1 | A=0.000)
G0 A0.000
G1 Z-5.0 F200.0
G1 X-2.27 F200.0
G0 Z5.0
G0 X2.73
(Schneide 2 | A=90.000)
G0 A90.000
G1 Z-5.0 F200.0
G1 X-2.27 F200.0
G0 Z5.0
G0 X2.73
(Schneide 3 | A=180.000)
G0 A180.000
G1 Z-5.0 F200.0
G1 X-2.27 F200.0
G0 Z5.0
G0 X2.73
(Schneide 4 | A=270.000)
G0 A270.000
G1 Z-5.0 F200.0
G1 X-2.27 F200.0
G0 Z5.0
G0 X2.73
(Pass 275 at X 2.74)
G0 X2.74 Z5.0
(Schneide 1 | A=0.000)
G0 A0.000
G1 Z-5.0 F200.0
G1 X-2.26 F200.0
G0 Z5.0
G0 X2.74
(Schneide 2 | A=90.000)
G0 A90.000
G1 Z-5.0 F200.0
G1 X-2.26 F200.0
G0 Z5.0
G0 X2.74
(Schneide 3 | A=180.000)
G0 A180.000
G1 Z-5.0 F200.0
G1 X-2.26 F200.0
G0 Z5.0
G0 X2.74
(Schneide 4 | A=270.000)
G0 A270.000
G1 Z-5.0 F200.0
G1 X-2.26 F200.0
G0 Z5.0
G0 X2.74
(Pass 276 at X 2.75)
G0 X2.75 Z5.0
(Schneide 1 | A=0.000)
G0 A0.000
G1 Z-5.0 F200.0
G1 X-2.25 F200.0
G0 Z5.0
G0 X2.75
(Schneide 2 | A=90.000)
G0 A90.000
G1 Z-5.0 F200.0
G1 X-2.25 F200.0
G0 Z5.0
G0 X2.75
(Schneide 3 | A=180.000)
G0 A180.000
G1 Z-5.0 F200.0
G1 X-2.25 F200.0
G0 Z5.0
G0 X2.75
(Schneide 4 | A=270.000)
G0 A270.000
G1 Z-5.0 F200.0
G1 X-2.25 F200.0
G0 Z5.0
G0 X2.75
(Pass 277 at X 2.7600000000000002)
G0 X2.7600000000000002 Z5.0
(Schneide 1 | A=0.000)
G0 A0.000
G1 Z-5.0 F200.0
G1 X-2.2399999999999998 F200.0
G0 Z5.0
G0 X2.7600000000000002
(Schneide 2 | A=90.000)
G0 A90.000
G1 Z-5.0 F200.0
G1 X-2.2399999999999998 F200.0
G0 Z5.0
G0 X2.7600000000000002
(Schneide 3 | A=180.000)
G0 A180.000
G1 Z-5.0 F200.0
G1 X-2.2399999999999998 F200.0
G0 Z5.0
G0 X2.7600000000000002
(Schneide 4 | A=270.000)
G0 A270.000
G1 Z-5.0 F200.0
G1 X-2.2399999999999998 F200.0
G0 Z5.0
G0 X2.7600000000000002
(Pass 278 at X 2.77)
G0 X2.77 Z5.0
(Schneide 1 | A=0.000)
G0 A0.000
G1 Z-5.0 F200.0
G1 X-2.23 F200.0
G0 Z5.0
G0 X2.77
(Schneide 2 | A=90.000)
G0 A90.000
G1 Z-5.0 F200.0
G1 X-2.23 F200.0
G0 Z5.0
G0 X2.77
(Schneide 3 | A=180.000)
G0 A180.000
G1 Z-5.0 F200.0
G1 X-2.23 F200.0
G0 Z5.0
G0 X2.77
(Schneide 4 | A=270.000)
G0 A270.000
G1 Z-5.0 F200.0
G1 X-2.23 F200.0
G0 Z5.0
G0 X2.77
(Pass 279 at X 2.7800000000000002)
G0 X2.7800000000000002 Z5.0
(Schneide 1 | A=0.000)
G0 A0.000
G1 Z-5.0 F200.0
G1 X-2.2199999999999998 F200.0
G0 Z5.0
G0 X2.7800000000000002
(Schneide 2 | A=90.000)
G0 A90.000
G1 Z-5.0 F200.0
G1 X-2.2199999999999998 F200.0
G0 Z5.0
G0 X2.7800000000000002
(Schneide 3 | A=180.000)
G0 A180.000
G1 Z-5.0 F200.0
G1 X-2.2199999999999998 F200.0
G0 Z5.0
G0 X2.7800000000000002
(Schneide 4 | A=270.000)
G0 A270.000
G1 Z-5.0 F200.0
G1 X-2.2199999999999998 F200.0
G0 Z5.0
G0 X2.7800000000000002
(Pass 280 at X 2.79)
G0 X2.79 Z5.0
(Schneide 1 | A=0.000)
G0 A0.000
G1 Z-5.0 F200.0
G1 X-2.21 F200.0
G0 Z5.0
G0 X2.79
(Schneide 2 | A=90.000)
G0 A90.000
G1 Z-5.0 F200.0
G1 X-2.21 F200.0
G0 Z5.0
G0 X2.79
(Schneide 3 | A=180.000)
G0 A180.000
G1 Z-5.0 F200.0
G1 X-2.21 F200.0
G0 Z5.0
G0 X2.79
(Schneide 4 | A=270.000)
G0 A270.000
G1 Z-5.0 F200.0
G1 X-2.21 F200.0
G0 Z5.0
G0 X2.79
(Pass 281 at X 2.8000000000000003)
G0 X2.8000000000000003 Z5.0
(Schneide 1 | A=0.000)
G0 A0.000
G1 Z-5.0 F200.0
G1 X-2.1999999999999997 F200.0
G0 Z5.0
G0 X2.8000000000000003
(Schneide 2 | A=90.000)
G0 A90.000
G1 Z-5.0 F200.0
G1 X-2.1999999999999997 F200.0
G0 Z5.0
G0 X2.8000000000000003
(Schneide 3 | A=180.000)
G0 A180.000
G1 Z-5.0 F200.0
G1 X-2.1999999999999997 F200.0
G0 Z5.0
G0 X2.8000000000000003
(Schneide 4 | A=270.000)
G0 A270.000
G1 Z-5.0 F200.0
G1 X-2.1999999999999997 F200.0
G0 Z5.0
G0 X2.8000000000000003
(Pass 282 at X 2.81)
G0 X2.81 Z5.0
(Schneide 1 | A=0.000)
G0 A0.000
G1 Z-5.0 F200.0
G1 X-2.19 F200.0
G0 Z5.0
G0 X2.81
(Schneide 2 | A=90.000)
G0 A90.000
G1 Z-5.0 F200.0
G1 X-2.19 F200.0
G0 Z5.0
G0 X2.81
(Schneide 3 | A=180.000)
G0 A180.000
G1 Z-5.0 F200.0
G1 X-2.19 F200.0
G0 Z5.0
G0 X2.81
(Schneide 4 | A=270.000)
G0 A270.000
G1 Z-5.0 F200.0
G1 X-2.19 F200.0
G0 Z5.0
G0 X2.81
(Pass 283 at X 2.82)
G0 X2.82 Z5.0
(Schneide 1 | A=0.000)
G0 A0.000
G1 Z-5.0 F200.0
G1 X-2.18 F200.0
G0 Z5.0
G0 X2.82
(Schneide 2 | A=90.000)
G0 A90.000
G1 Z-5.0 F200.0
G1 X-2.18 F200.0
G0 Z5.0
G0 X2.82
(Schneide 3 | A=180.000)
G0 A180.000
G1 Z-5.0 F200.0
G1 X-2.18 F200.0
G0 Z5.0
G0 X2.82
(Schneide 4 | A=270.000)
G0 A270.000
G1 Z-5.0 F200.0
G1 X-2.18 F200.0
G0 Z5.0
G0 X2.82
(Pass 284 at X 2.83)
G0 X2.83 Z5.0
(Schneide 1 | A=0.000)
G0 A0.000
G1 Z-5.0 F200.0
G1 X-2.17 F200.0
G0 Z5.0
G0 X2.83
(Schneide 2 | A=90.000)
G0 A90.000
G1 Z-5.0 F200.0
G1 X-2.17 F200.0
G0 Z5.0
G0 X2.83
(Schneide 3 | A=180.000)
G0 A180.000
G1 Z-5.0 F200.0
G1 X-2.17 F200.0
G0 Z5.0
G0 X2.83
(Schneide 4 | A=270.000)
G0 A270.000
G1 Z-5.0 F200.0
G1 X-2.17 F200.0
G0 Z5.0
G0 X2.83
(Pass 285 at X 2.84)
G0 X2.84 Z5.0
(Schneide 1 | A=0.000)
G0 A0.000
G1 Z-5.0 F200.0
G1 X-2.16 F200.0
G0 Z5.0
G0 X2.84
(Schneide 2 | A=90.000)
G0 A90.000
G1 Z-5.0 F200.0
G1 X-2.16 F200.0
G0 Z5.0
G0 X2.84
(Schneide 3 | A=180.000)
G0 A180.000
G1 Z-5.0 F200.0
G1 X-2.16 F200.0
G0 Z5.0
G0 X2.84
(Schneide 4 | A=270.000)
G0 A270.000
G1 Z-5.0 F200.0
G1 X-2.16 F200.0
G0 Z5.0
G0 X2.84
(Pass 286 at X 2.85)
G0 X2.85 Z5.0
(Schneide 1 | A=0.000)
G0 A0.000
G1 Z-5.0 F200.0
G1 X-2.15 F200.0
G0 Z5.0
G0 X2.85
(Schneide 2 | A=90.000)
G0 A90.000
G1 Z-5.0 F200.0
G1 X-2.15 F200.0
G0 Z5.0
G0 X2.85
(Schneide 3 | A=180.000)
G0 A180.000
G1 Z-5.0 F200.0
G1 X-2.15 F200.0
G0 Z5.0
G0 X2.85
(Schneide 4 | A=270.000)
G0 A270.000
G1 Z-5.0 F200.0
G1 X-2.15 F200.0
G0 Z5.0
G0 X2.85
(Pass 287 at X 2.86)
G0 X2.86 Z5.0
(Schneide 1 | A=0.000)
G0 A0.000
G1 Z-5.0 F200.0
G1 X-2.14 F200.0
G0 Z5.0
G0 X2.86
(Schneide 2 | A=90.000)
G0 A90.000
G1 Z-5.0 F200.0
G1 X-2.14 F200.0
G0 Z5.0
G0 X2.86
(Schneide 3 | A=180.000)
G0 A180.000
G1 Z-5.0 F200.0
G1 X-2.14 F200.0
G0 Z5.0
G0 X2.86
(Schneide 4 | A=270.000)
G0 A270.000
G1 Z-5.0 F200.0
G1 X-2.14 F200.0
G0 Z5.0
G0 X2.86
(Pass 288 at X 2.87)
G0 X2.87 Z5.0
(Schneide 1 | A=0.000)
G0 A0.000
G1 Z-5.0 F200.0
G1 X-2.13 F200.0
G0 Z5.0
G0 X2.87
(Schneide 2 | A=90.000)
G0 A90.000
G1 Z-5.0 F200.0
G1 X-2.13 F200.0
G0 Z5.0
G0 X2.87
(Schneide 3 | A=180.000)
G0 A180.000
G1 Z-5.0 F200.0
G1 X-2.13 F200.0
G0 Z5.0
G0 X2.87
(Schneide 4 | A=270.000)
G0 A270.000
G1 Z-5.0 F200.0
G1 X-2.13 F200.0
G0 Z5.0
G0 X2.87
(Pass 289 at X 2.88)
G0 X2.88 Z5.0
(Schneide 1 | A=0.000)
G0 A0.000
G1 Z-5.0 F200.0
G1 X-2.12 F200.0
G0 Z5.0
G0 X2.88
(Schneide 2 | A=90.000)
G0 A90.000
G1 Z-5.0 F200.0
G1 X-2.12 F200.0
G0 Z5.0
G0 X2.88
(Schneide 3 | A=180.000)
G0 A180.000
G1 Z-5.0 F200.0
G1 X-2.12 F200.0
G0 Z5.0
G0 X2.88
(Schneide 4 | A=270.000)
G0 A270.000
G1 Z-5.0 F200.0
G1 X-2.12 F200.0
G0 Z5.0
G0 X2.88
(Pass 290 at X 2.89)
G0 X2.89 Z5.0
(Schneide 1 | A=0.000)
G0 A0.000
G1 Z-5.0 F200.0
G1 X-2.11 F200.0
G0 Z5.0
G0 X2.89
(Schneide 2 | A=90.000)
G0 A90.000
G1 Z-5.0 F200.0
G1 X-2.11 F200.0
G0 Z5.0
G0 X2.89
(Schneide 3 | A=180.000)
G0 A180.000
G1 Z-5.0 F200.0
G1 X-2.11 F200.0
G0 Z5.0
G0 X2.89
(Schneide 4 | A=270.000)
G0 A270.000
G1 Z-5.0 F200.0
G1 X-2.11 F200.0
G0 Z5.0
G0 X2.89
(Pass 291 at X 2.9)
G0 X2.9 Z5.0
(Schneide 1 | A=0.000)
G0 A0.000
G1 Z-5.0 F200.0
G1 X-2.1 F200.0
G0 Z5.0
G0 X2.9
(Schneide 2 | A=90.000)
G0 A90.000
G1 Z-5.0 F200.0
G1 X-2.1 F200.0
G0 Z5.0
G0 X2.9
(Schneide 3 | A=180.000)
G0 A180.000
G1 Z-5.0 F200.0
G1 X-2.1 F200.0
G0 Z5.0
G0 X2.9
(Schneide 4 | A=270.000)
G0 A270.000
G1 Z-5.0 F200.0
G1 X-2.1 F200.0
G0 Z5.0
G0 X2.9
(Pass 292 at X 2.91)
G0 X2.91 Z5.0
(Schneide 1 | A=0.000)
G0 A0.000
G1 Z-5.0 F200.0
G1 X-2.09 F200.0
G0 Z5.0
G0 X2.91
(Schneide 2 | A=90.000)
G0 A90.000
G1 Z-5.0 F200.0
G1 X-2.09 F200.0
G0 Z5.0
G0 X2.91
(Schneide 3 | A=180.000)
G0 A180.000
G1 Z-5.0 F200.0
G1 X-2.09 F200.0
G0 Z5.0
G0 X2.91
(Schneide 4 | A=270.000)
G0 A270.000
G1 Z-5.0 F200.0
G1 X-2.09 F200.0
G0 Z5.0
G0 X2.91
(Pass 293 at X 2.92)
G0 X2.92 Z5.0
(Schneide 1 | A=0.000)
G0 A0.000
G1 Z-5.0 F200.0
G1 X-2.08 F200.0
G0 Z5.0
G0 X2.92
(Schneide 2 | A=90.000)
G0 A90.000
G1 Z-5.0 F200.0
G1 X-2.08 F200.0
G0 Z5.0
G0 X2.92
(Schneide 3 | A=180.000)
G0 A180.000
G1 Z-5.0 F200.0
G1 X-2.08 F200.0
G0 Z5.0
G0 X2.92
(Schneide 4 | A=270.000)
G0 A270.000
G1 Z-5.0 F200.0
G1 X-2.08 F200.0
G0 Z5.0
G0 X2.92
(Pass 294 at X 2.93)
G0 X2.93 Z5.0
(Schneide 1 | A=0.000)
G0 A0.000
G1 Z-5.0 F200.0
G1 X-2.07 F200.0
G0 Z5.0
G0 X2.93
(Schneide 2 | A=90.000)
G0 A90.000
G1 Z-5.0 F200.0
G1 X-2.07 F200.0
G0 Z5.0
G0 X2.93
(Schneide 3 | A=180.000)
G0 A180.000
G1 Z-5.0 F200.0
G1 X-2.07 F200.0
G0 Z5.0
G0 X2.93
(Schneide 4 | A=270.000)
G0 A270.000
G1 Z-5.0 F200.0
G1 X-2.07 F200.0
G0 Z5.0
G0 X2.93
(Pass 295 at X 2.94)
G0 X2.94 Z5.0
(Schneide 1 | A=0.000)
G0 A0.000
G1 Z-5.0 F200.0
G1 X-2.06 F200.0
G0 Z5.0
G0 X2.94
(Schneide 2 | A=90.000)
G0 A90.000
G1 Z-5.0 F200.0
G1 X-2.06 F200.0
G0 Z5.0
G0 X2.94
(Schneide 3 | A=180.000)
G0 A180.000
G1 Z-5.0 F200.0
G1 X-2.06 F200.0
G0 Z5.0
G0 X2.94
(Schneide 4 | A=270.000)
G0 A270.000
G1 Z-5.0 F200.0
G1 X-2.06 F200.0
G0 Z5.0
G0 X2.94
(Pass 296 at X 2.95)
G0 X2.95 Z5.0
(Schneide 1 | A=0.000)
G0 A0.000
G1 Z-5.0 F200.0
G1 X-2.05 F200.0
G0 Z5.0
G0 X2.95
(Schneide 2 | A=90.000)
G0 A90.000
G1 Z-5.0 F200.0
G1 X-2.05 F200.0
G0 Z5.0
G0 X2.95
(Schneide 3 | A=180.000)
G0 A180.000
G1 Z-5.0 F200.0
G1 X-2.05 F200.0
G0 Z5.0
G0 X2.95
(Schneide 4 | A=270.000)
G0 A270.000
G1 Z-5.0 F200.0
G1 X-2.05 F200.0
G0 Z5.0
G0 X2.95
(Pass 297 at X 2.96)
G0 X2.96 Z5.0
(Schneide 1 | A=0.000)
G0 A0.000
G1 Z-5.0 F200.0
G1 X-2.04 F200.0
G0 Z5.0
G0 X2.96
(Schneide 2 | A=90.000)
G0 A90.000
G1 Z-5.0 F200.0
G1 X-2.04 F200.0
G0 Z5.0
G0 X2.96
(Schneide 3 | A=180.000)
G0 A180.000
G1 Z-5.0 F200.0
G1 X-2.04 F200.0
G0 Z5.0
G0 X2.96
(Schneide 4 | A=270.000)
G0 A270.000
G1 Z-5.0 F200.0
G1 X-2.04 F200.0
G0 Z5.0
G0 X2.96
(Pass 298 at X 2.97)
G0 X2.97 Z5.0
(Schneide 1 | A=0.000)
G0 A0.000
G1 Z-5.0 F200.0
G1 X-2.03 F200.0
G0 Z5.0
G0 X2.97
(Schneide 2 | A=90.000)
G0 A90.000
G1 Z-5.0 F200.0
G1 X-2.03 F200.0
G0 Z5.0
G0 X2.97
(Schneide 3 | A=180.000)
G0 A180.000
G1 Z-5.0 F200.0
G1 X-2.03 F200.0
G0 Z5.0
G0 X2.97
(Schneide 4 | A=270.000)
G0 A270.000
G1 Z-5.0 F200.0
G1 X-2.03 F200.0
G0 Z5.0
G0 X2.97
(Pass 299 at X 2.98)
G0 X2.98 Z5.0
(Schneide 1 | A=0.000)
G0 A0.000
G1 Z-5.0 F200.0
G1 X-2.02 F200.0
G0 Z5.0
G0 X2.98
(Schneide 2 | A=90.000)
G0 A90.000
G1 Z-5.0 F200.0
G1 X-2.02 F200.0
G0 Z5.0
G0 X2.98
(Schneide 3 | A=180.000)
G0 A180.000
G1 Z-5.0 F200.0
G1 X-2.02 F200.0
G0 Z5.0
G0 X2.98
(Schneide 4 | A=270.000)
G0 A270.000
G1 Z-5.0 F200.0
G1 X-2.02 F200.0
G0 Z5.0
G0 X2.98
(Pass 300 at X 2.99)
G0 X2.99 Z5.0
(Schneide 1 | A=0.000)
G0 A0.000
G1 Z-5.0 F200.0
G1 X-2.01 F200.0
G0 Z5.0
G0 X2.99
(Schneide 2 | A=90.000)
G0 A90.000
G1 Z-5.0 F200.0
G1 X-2.01 F200.0
G0 Z5.0
G0 X2.99
(Schneide 3 | A=180.000)
G0 A180.000
G1 Z-5.0 F200.0
G1 X-2.01 F200.0
G0 Z5.0
G0 X2.99
(Schneide 4 | A=270.000)
G0 A270.000
G1 Z-5.0 F200.0
G1 X-2.01 F200.0
G0 Z5.0
G0 X2.99
(Pass 301 at X 3.0)
G0 X3.0 Z5.0
(Schneide 1 | A=0.000)
G0 A0.000
G1 Z-5.0 F200.0
G1 X-2.0 F200.0
G0 Z5.0
G0 X3.0
(Schneide 2 | A=90.000)
G0 A90.000
G1 Z-5.0 F200.0
G1 X-2.0 F200.0
G0 Z5.0
G0 X3.0
(Schneide 3 | A=180.000)
G0 A180.000
G1 Z-5.0 F200.0
G1 X-2.0 F200.0
G0 Z5.0
G0 X3.0
(Schneide 4 | A=270.000)
G0 A270.000
G1 Z-5.0 F200.0
G1 X-2.0 F200.0
G0 Z5.0
G0 X3.0
G0 Y0.0
G0 Z5.0
M5
M30